Workbook

Sheet 1.1Defunciones por Edades China
B8: 80+ | C8: 0.148
B9: 70 - 79 | C9: 0.08
B10: 60 - 69 | C10: 0.036
B11: 50 - 59 | C11: 0.013
B12: 40 - 49 | C12: 0.004
B13: 30 - 39 | C13: 0.002
B14: 20 - 29 | C14: 0.002
B15: 10 - 19 | C15: 0.002

Sheet 1.3 Defunciones por Estado
A1: cve_ent | B1: poblacion | C1: nombre | D1: 43907 | E1: 43908 | F1: 43909 | G1: 43910 | H1: 43911 | I1: 43912 | J1: 43913 | K1: 43914 | L1: 43915 | M1: 43916 | N1: 43917 | O1: 43918 | P1: 43919 | Q1: 43920 | R1: 43921 | S1: 43922 | T1: 43923 | U1: 43924 | V1: 43925 | W1: 43926 | X1: 43927 | Y1: 43928 | Z1: 43929 | AA1: 43930 | AB1: 43931 | AC1: 43932 | AD1: 43933 | AE1: 43934 | AF1: 43935 | AG1: 43936 | AH1: 43937 | AI1: 43938 | AJ1: 43939 | AK1: 43940 | AL1: 43941 | AM1: 43942 | AN1: 43943 | AO1: 43944 | AP1: 43945 | AQ1: 43946 | AR1: 43947 | AS1: 43948 | AT1: 43949 | AU1: 43950 | AV1: 43951 | AW1: 43952 | AX1: 43953 | AY1: 43954 | AZ1: 43955 | BA1: 43956 | BB1: 43957 | BC1: 43958 | BD1: 43959 | BE1: 43960 | BF1: 43961 | BG1: 43962 | BH1: 43963 | BI1: 43964 | BJ1: 43965 | BK1: 43966 | BL1: 43967 | BM1: 43968 | BN1: 43969 | BO1: 43970 | BP1: 43971 | BQ1: 43972 | BR1: 43973 | BS1: 43974 | BT1: 43975 | BU1: 43976 | BV1: 43977 | BW1: 43978 | BX1: 43979 | BY1: 43980 | BZ1: 43981 | CA1: 43982 | CB1: 43983 | CC1: 43984 | CD1: 43985 | CE1: 43986 | CF1: 43987 | CG1: 43988 | CH1: 43989 | CI1: 43990 | CJ1: 43991 | CK1: 43992 | CL1: 43993 | CM1: 43994 | CN1: 43995 | CO1: 43996 | CP1: 43997 | CQ1: 43998 | CR1: 43999 | CS1: 44000 | CT1: 44001 | CU1: 44002 | CV1: 44003 | CW1: 44004 | CX1: 44005 | CY1: 44006 | CZ1: 44007 | DA1: 44008 | DB1: 44009 | DC1: 44010 | DD1: 44011 | DE1: 44012 | DF1: 44013 | DG1: 44014 | DH1: 44015 | DI1: 44016 | DJ1: 44017 | DK1: 44018 | DL1: 44019 | DM1: 44020 | DN1: 44021 | DO1: 44022 | DP1: 44023 | DQ1: 44024 | DR1: 44025 | DS1: 44026 | DT1: 44027 | DU1: 44028 | DV1: 44029 | DW1: 44030 | DX1: 44031 | DY1: 44032 | DZ1: 44033 | EA1: 44034 | EB1: 44035 | EC1: 44036 | ED1: 44037 | EE1: 44038 | EF1: 44039 | EG1: 44040 | EH1: 44041 | EI1: 44042 | EJ1: 44043 | EK1: 44044 | EL1: 44045 | EM1: 44046 | EN1: 44047 | EO1: 44048 | EP1: 44049 | EQ1: 44050 | ER1: 44051 | ES1: 44052 | ET1: 44053 | EU1: 44054 | EV1: 44055 | EW1: 44056 | EX1: 44057 | EY1: 44058 | EZ1: 44059 | FA1: 44060 | FB1: 44061 | FC1: 44062 | FD1: 44063 | FE1: 44064 | FF1: 44065 | FG1: 44066 | FH1: 44067 | FI1: 44068 | FJ1: 44069 | FK1: 44070 | FL1: 44071 | FM1: 44072 | FN1: 44073 | FO1: 44074 | FP1: 44075 | FQ1: 44076 | FR1: 44077 | FS1: 44078 | FT1: 44079 | FU1: 44080 | FV1: 44081 | FW1: 44082 | FX1: 44083 | FY1: 44084 | FZ1: 44085 | GA1: 44086 | GB1: 44087 | GC1: 44088 | GD1: 44089 | GE1: 44090 | GF1: 44091 | GG1: 44092 | GH1: 44093 | GI1: 44094 | GJ1: 44095 | GK1: 44096 | GL1: 44097 | GM1: 44098 | GN1: 44099 | GO1: 44100 | GP1: 44101 | GQ1: 44102 | GR1: 44103 | GS1: 44104 | GT1: 44105 | GU1: 44106 | GV1: 44107 | GW1: 44108 | GX1: 44109 | GY1: 44110 | GZ1: 44111 | HA1: 44112 | HB1: 44113 | HC1: 44114 | HD1: 44115 | HE1: 44116 | HF1: 44117 | HG1: 44118 | HH1: 44119 | HI1: 44120 | HJ1: 44121 | HK1: 44122 | HL1: 44123 | HM1: 44124 | HN1: 44125 | HO1: 44126 | HP1: 44127 | HQ1: 44128 | HR1: 44129 | HS1: 44130 | HT1: 44131 | HU1: 44132 | HV1: 44133 | HW1: 44134 | HX1: 44135 | HY1: 44136 | HZ1: 44137 | IA1: 44138 | IB1: 44139 | IC1: 44140 | ID1: 44141 | IE1: 44142 | IF1: 44143 | IG1: 44144 | IH1: 44145 | II1: 44146 | IJ1: 44147 | IK1: 44148 | IL1: 44149 | IM1: 44150 | IN1: 44151 | IO1: 44152 | IP1: 44153 | IQ1: 44154 | IR1: 44155 | IS1: 44156 | IT1: 44157 | IU1: 44158 | IV1: 44159 | IW1: 44160 | IX1: 44161 | IY1: 44162 | IZ1: 44163 | JA1: 44164 | JB1: 44165 | JC1: 44166 | JD1: 44167 | JE1: 44168 | JF1: 44169 | JG1: 44170 | JH1: 44171 | JI1: 44172 | JJ1: 44173 | JK1: 44174 | JL1: 44175 | JM1: 44176 | JN1: 44177 | JO1: 44178 | JP1: 44179 | JQ1: 44180 | JR1: 44181 | JS1: 44182 | JT1: 44183 | JU1: 44184 | JV1: 44185 | JW1: 44186 | JX1: 44187 | JY1: 44188 | JZ1: 44189 | KA1: 44190 | KB1: 44191 | KC1: 44192 | KD1: 44193 | KE1: 44194 | KF1: 44195 | KG1: 44196 | KH1: 44197 | KI1: 44198 | KJ1: 44199 | KK1: 44200 | KL1: 44201 | KM1: 44202 | KN1: 44203 | KO1: 44204 | KP1: 44205 | KQ1: 44206 | KR1: 44207 | KS1: 44208 | KT1: 44209 | KU1: 44210 | KV1: 44211 | KW1: 44212 | KX1: 44213 | KY1: 44214 | KZ1: 44215 | LA1: 44216 | LB1: 44217 | LC1: 44218 | LD1: 44219 | LE1: 44220 | LF1: 44221 | LG1: 44222 | LH1: 44223 | LI1: 44224 | LJ1: 44225 | LK1: 44226 | LL1: 44227 | LM1: 44228 | LN1: 44229 | LO1: 44230 | LP1: 44231 | LQ1: 44232 | LR1: 44233 | LS1: 44234 | LT1: 44235 | LU1: 44236 | LV1: 44237 | LW1: 44238 | LX1: 44239 | LY1: 44240 | LZ1: 44241 | MA1: 44242 | MB1: 44243 | MC1: 44244 | MD1: 44245 | ME1: 44246 | MF1: 44247 | MG1: 44248 | MH1: 44249 | MI1: 44250 | MJ1: 44251 | MK1: 44252 | ML1: 44253 | MM1: 44254 | MN1: 44255 | MO1: 44256 | MP1: 44257 | MQ1: 44258 | MR1: 44259 | MS1: 44260 | MT1: 44261 | MU1: 44262 | MV1: 44263 | MW1: 44264 | MX1: 44265 | MY1: 44266 | MZ1: 44267 | NA1: 44268 | NB1: 44269 | NC1: 44270 | ND1: 44271 | NE1: 44272 | NF1: 44273 | NG1: 44274 | NH1: 44275 | NI1: 44276 | NJ1: 44277 | NK1: 44278 | NL1: 44279 | NM1: 44280 | NN1: 44281 | NO1: 44282 | NP1: 44283 | NQ1: 44284 | NR1: 44285 | NS1: 44286 | NT1: 44287 | NU1: 44288 | NV1: 44289 | NW1: 44290 | NX1: 44291 | NY1: 44292 | NZ1: 44293 | OA1: 44294 | OB1: 44295 | OC1: 44296 | OD1: 44297 | OE1: 44298 | OF1: 44299 | OG1: 44300 | OH1: 44301 | OI1: 44302 | OJ1: 44303 | OK1: 44304 | OL1: 44305 | OM1: 44306 | ON1: 44307 | OO1: 44308 | OP1: 44309 | OQ1: 44310 | OR1: 44311 | OS1: 44312 | OT1: 44313 | OU1: 44314 | OV1: 44315 | OW1: 44316 | OX1: 44317 | OY1: 44318 | OZ1: 44319 | PA1: 44320 | PB1: 44321 | PC1: 44322 | PD1: 44323 | PE1: 44324 | PF1: 44325 | PG1: 44326 | PH1: 44327 | PI1: 44328 | PJ1: 44329 | PK1: 44330 | PL1: 44331 | PM1: 44332 | PN1: 44333 | PO1: 44334 | PP1: 44335 | PQ1: 44336 | PR1: 44337 | PS1: 44338 | PT1: 44339 | PU1: 44340 | PV1: 44341 | PW1: 44342 | PX1: 44343 | PY1: 44344 | PZ1: 44345 | QA1: 44346 | QB1: 44347 | QC1: 44348 | QD1: 44349 | QE1: 44350 | QF1: 44351 | QG1: 44352 | QH1: 44353 | QI1: 44354 | QJ1: 44355 | QK1: 44356 | QL1: 44357 | QM1: 44358 | QN1: 44359 | QO1: 44360 | QP1: 44361 | QQ1: 44362 | QR1: 44363 | QS1: 44364 | QT1: 44365 | QU1: 44366 | QV1: 44367 | QW1: 44368 | QX1: 44369 | QY1: 44370 | QZ1: 44371 | RA1: 44372 | RB1: 44373 | RC1: 44374 | RD1: 44375 | RE1: 44376 | RF1: 44377 | RG1: 44378 | RH1: 44379 | RI1: 44380 | RJ1: 44381 | RK1: 44382 | RL1: 44383 | RM1: 44384 | RN1: 44385 | RO1: 44386 | RP1: 44387 | RQ1: 44388 | RR1: 44389 | RS1: 44390 | RT1: 44391 | RU1: 44392 | RV1: 44393 | RW1: 44394 | RX1: 44395 | RY1: 44396 | RZ1: 44397 | SA1: 44398 | SB1: 44399 | SC1: 44400 | SD1: 44401 | SE1: 44402 | SF1: 44403 | SG1: 44404 | SH1: 44405 | SI1: 44406 | SJ1: 44407 | SK1: 44408 | SL1: 44409 | SM1: 44410 | SN1: 44411 | SO1: 44412 | SP1: 44413 | SQ1: 44414 | SR1: 44415 | SS1: 44416 | ST1: 44417 | SU1: 44418 | SV1: 44419 | SW1: 44420 | SX1: 44421 | SY1: 44422 | SZ1: 44423 | TA1: 44424 | TB1: 44425 | TC1: 44426 | TD1: 44427 | TE1: 44428 | TF1: 44429 | TG1: 44430 | TH1: 44431 | TI1: 44432 | TJ1: 44433 | TK1: 44434 | TL1: 44435 | TM1: 44436 | TN1: 44437 | TO1: 44438 | TP1: 44439 | TQ1: 44440 | TR1: 44441 | TS1: 44442 | TT1: 44443 | TU1: 44444 | TV1: 44445 | TW1: 44446 | TX1: 44447 | TY1: 44448 | TZ1: 44449 | UA1: 44450 | UB1: 44451 | UC1: 44452 | UD1: 44453 | UE1: 44454 | UF1: 44455 | UG1: 44456 | UH1: 44457 | UI1: 44458 | UJ1: 44459 | UK1: 44460 | UL1: 44461 | UM1: 44462 | UN1: 44463 | UO1: 44464 | UP1: 44465 | UQ1: 44466 | UR1: 44467 | US1: 44468 | UT1: 44469 | UU1: 44470 | UV1: 44471 | UW1: 44472 | UX1: 44473 | UY1: 44474 | UZ1: 44475 | VA1: 44476 | VB1: 44477 | VC1: 44478 | VD1: 44479 | VE1: 44480 | VF1: 44481 | VG1: 44482 | VH1: 44483 | VI1: 44484 | VJ1: 44485 | VK1: 44486 | VL1: 44487 | VM1: 44488 | VN1: 44489 | VO1: 44490 | VP1: 44491 | VQ1: 44492 | VR1: 44493 | VS1: 44494 | VT1: 44495 | VU1: 44496 | VV1: 44497 | VW1: 44498 | VX1: 44499 | VY1: 44500 | VZ1: 44501 | WA1: 44502 | WB1: 44503 | WC1: 44504 | WD1: 44505 | WE1: 44506 | WF1: 44507 | WG1: 44508 | WH1: 44509 | WI1: 44510 | WJ1: 44511 | WK1: 44512 | WL1: 44513 | WM1: 44514 | WN1: 44515 | WO1: 44516 | WP1: 44517 | WQ1: 44518 | WR1: 44519 | WS1: 44520 | WT1: 44521 | WU1: 44522 | WV1: 44523 | WW1: 44524 | WX1: 44525 | WY1: 44526 | WZ1: 44527 | XA1: 44528 | XB1: 44529 | XC1: 44530 | XD1: 44531 | XE1: 44532 | XF1: 44533 | XG1: 44534 | XH1: 44535 | XI1: 44536 | XJ1: 44537 | XK1: 44538 | XL1: 44539 | XM1: 44540 | XN1: 44541 | XO1: 44542 | XP1: 44543 | XQ1: 44544 | XR1: 44545 | XS1: 44546 | XT1: 44547 | XU1: 44548 | XV1: 44549 | XW1: 44550 | XX1: 44551 | XY1: 44552 | XZ1: 44553 | YA1: 44554 | YB1: 44555 | YC1: 44556 | YD1: 44557 | YE1: 44558 | YF1: 44559 | YG1: 44560 | YH1: 44561 | YI1: 44562 | YJ1: 44563 | YK1: 44564 | YL1: 44565 | YM1: 44566 | YN1: 44567 | YO1: 44568 | YP1: 44569 | YQ1: 44570 | YR1: 44571 | YS1: 44572 | YT1: 44573 | YU1: 44574 | YV1: 44575 | YW1: 44576 | YX1: 44577 | YY1: 44578 | YZ1: 44579 | ZA1: 44580 | ZB1: 44581 | ZC1: 44582 | ZD1: 44583 | ZE1: 44584 | ZF1: 44585 | ZG1: 44586 | ZH1: 44587 | ZI1: 44588 | ZJ1: 44589 | ZK1: 44590 | ZL1: 44591 | ZM1: 44592 | ZN1: 44593 | ZO1: 44594 | ZP1: 44595 | ZQ1: 44596 | ZR1: 44597 | ZS1: 44598 | ZT1: 44599 | ZU1: 44600 | ZV1: 44601 | ZW1: 44602 | ZX1: 44603 | ZY1: 44604 | ZZ1: 44605 | AAA1: 44606 | AAB1: 44607 | AAC1: 44608 | AAD1: 44609 | AAE1: 44610 | AAF1: 44611 | AAG1: 44612 | AAH1: 44613 | AAI1: 44614 | AAJ1: 44615 | AAK1: 44616 | AAL1: 44617 | AAM1: 44618 | AAN1: 44619 | AAO1: 44620 | AAP1: 44621 | AAQ1: 44622 | AAR1: 44623 | AAS1: 44624 | AAT1: 44625 | AAU1: 44626 | AAV1: 44627 | AAW1: 44628 | AAX1: 44629 | AAY1: 44630 | AAZ1: 44631 | ABA1: 44632 | ABB1: 44633 | ABC1: 44634 | ABD1: 44635 | ABE1: 44636 | ABF1: 44637 | ABG1: 44638 | ABH1: 44639 | ABI1: 44640 | ABJ1: 44641 | ABK1: 44642 | ABL1: 44643 | ABM1: 44644 | ABN1: 44645 | ABO1: 44646 | ABP1: 44647 | ABQ1: 44648 | ABR1: 44649 | ABS1: 44650 | ABT1: 44651 | ABU1: 44652 | ABV1: 44653 | ABW1: 44654 | ABX1: 44655 | ABY1: 44656 | ABZ1: 44657 | ACA1: 44658 | ACB1: 44659 | ACC1: 44660 | ACD1: 44661 | ACE1: 44662 | ACF1: 44663 | ACG1: 44664 | ACH1: 44665 | ACI1: 44666 | ACJ1: 44667 | ACK1: 44668 | ACL1: 44669 | ACM1: 44670 | ACN1: 44671 | ACO1: 44672 | ACP1: 44673 | ACQ1: 44674 | ACR1: 44675 | ACS1: 44676 | ACT1: 44677 | ACU1: 44678 | ACV1: 44679 | ACW1: 44680 | ACX1: 44681 | ACY1: 44682 | ACZ1: 44683 | ADA1: 44684 | ADB1: 44685 | ADC1: 44686 | ADD1: 44687 | ADE1: 44688 | ADF1: 44689 | ADG1: 44690 | ADH1: 44691 | ADI1: 44692 | ADJ1: 44693 | ADK1: 44694 | ADL1: 44695 | ADM1: 44696 | ADN1: 44697 | ADO1: 44698 | ADP1: 44699 | ADQ1: 44700 | ADR1: 44701 | ADS1: 44702 | ADT1: 44703 | ADU1: 44704 | ADV1: 44705 | ADW1: 44706 | ADX1: 44707 | ADY1: 44708 | ADZ1: 44709 | AEA1: 44710 | AEB1: 44711 | AEC1: 44712 | AED1: 44713 | AEE1: 44714 | AEF1: 44715 | AEG1: 44716 | AEH1: 44717 | AEI1: 44718 | AEJ1: 44719 | AEK1: 44720 | AEL1: 44721 | AEM1: 44722 | AEN1: 44723 | AEO1: 44724 | AEP1: 44725 | AEQ1: 44726 | AER1: 44727 | AES1: 44728 | AET1: 44729 | AEU1: 44730 | AEV1: 44731 | AEW1: 44732 | AEX1: 44733 | AEY1: 44734 | AEZ1: 44735 | AFA1: 44736 | AFB1: 44737 | AFC1: 44738 | AFD1: 44739 | AFE1: 44740 | AFF1: 44741 | AFG1: 44742 | AFH1: 44743 | AFI1: 44744 | AFJ1: 44745 | AFK1: 44746 | AFL1: 44747 | AFM1: 44748 | AFN1: 44749 | AFO1: 44750 | AFP1: 44751 | AFQ1: 44752 | AFR1: 44753 | AFS1: 44754 | AFT1: 44755 | AFU1: 44756 | AFV1: 44757 | AFW1: 44758 | AFX1: 44759 | AFY1: 44760 | AFZ1: 44761 | AGA1: 44762 | AGB1: 44763 | AGC1: 44764 | AGD1: 44765 | AGE1: 44766 | AGF1: 44767 | AGG1: 44768 | AGH1: 44769 | AGI1: 44770 | AGJ1: 44771 | AGK1: 44772 | AGL1: 44773 | AGM1: 44774 | AGN1: 44775 | AGO1: 44776 | AGP1: 44777 | AGQ1: 44778 | AGR1: 44779 | AGS1: 44780 | AGT1: 44781 | AGU1: 44782 | AGV1: 44783 | AGW1: 44784 | AGX1: 44785 | AGY1: 44786 | AGZ1: 44787 | AHA1: 44788 | AHB1: 44789 | AHC1: 44790 | AHD1: 44791 | AHE1: 44792 | AHF1: 44793 | AHG1: 44794 | AHH1: 44795 | AHI1: 44796 | AHJ1: 44797 | AHK1: 44798 | AHL1: 44799 | AHM1: 44800 | AHN1: 44801 | AHO1: 44802 | AHP1: 44803 | AHQ1: 44804 | AHR1: 44805 | AHS1: 44806 | AHT1: 44807 | AHU1: 44808 | AHV1: 44809 | AHW1: 44810 | AHX1: 44811 | AHY1: 44812 | AHZ1: 44813 | AIA1: 44814 | AIB1: 44815 | AIC1: 44816 | AID1: 44817 | AIE1: 44818 | AIF1: 44819 | AIG1: 44820 | AIH1: 44821 | AII1: 44822 | AIJ1: 44823 | AIK1: 44824 | AIL1: 44825 | AIM1: 44826 | AIN1: 44827 | AIO1: 44828 | AIP1: 44829 | AIQ1: 44830 | AIR1: 44831 | AIS1: 44832 | AIT1: 44833 | AIU1: 44834 | AIV1: 44835 | AIW1: 44836 | AIX1: 44837 | AIY1: 44838 | AIZ1: 44839 | AJA1: 44840 | AJB1: 44841 | AJC1: 44842 | AJD1: 44843 | AJE1: 44844 | AJF1: 44845 | AJG1: 44846 | AJH1: 44847 | AJI1: 44848 | AJJ1: 44849 | AJK1: 44850 | AJL1: 44851 | AJM1: 44852 | AJN1: 44853 | AJO1: 44854 | AJP1: 44855 | AJQ1: 44856 | AJR1: 44857 | AJS1: 44858 | AJT1: 44859 | AJU1: 44860 | AJV1: 44861 | AJW1: 44862 | AJX1: 44863 | AJY1: 44864 | AJZ1: 44865 | AKA1: 44866 | AKB1: 44867 | AKC1: 44868 | AKD1: 44869 | AKE1: 44870 | AKF1: 44871 | AKG1: 44872 | AKH1: 44873 | AKI1: 44874 | AKJ1: 44875 | AKK1: 44876 | AKL1: 44877 | AKM1: 44878 | AKN1: 44879 | AKO1: 44880 | AKP1: 44881 | AKQ1: 44882 | AKR1: 44883 | AKS1: 44884 | AKT1: 44885 | AKU1: 44886 | AKV1: 44887 | AKW1: 44888 | AKX1: 44889 | AKY1: 44890 | AKZ1: 44891 | ALA1: 44892 | ALB1: 44893 | ALC1: 44894 | ALD1: 44895 | ALE1: 44896 | ALF1: 44897 | ALG1: 44898 | ALH1: 44899 | ALI1: 44900 | ALJ1: 44901 | ALK1: 44902 | ALL1: 44903 | ALM1: 44904 | ALN1: 44905 | ALO1: 44906 | ALP1: 44907 | ALQ1: 44908 | ALR1: 44909 | ALS1: 44910 | ALT1: 44911 | ALU1: 44912 | ALV1: 44913 | ALW1: 44914 | ALX1: 44915 | ALY1: 44916 | ALZ1: 44917 | AMA1: 44918 | AMB1: 44919 | AMC1: 44920 | AMD1: 44921 | AME1: 44922 | AMF1: 44923 | AMG1: 44924 | AMH1: 44925 | AMI1: 44926 | AMJ1: 44927 | AMK1: 44928 | AML1: 44929 | AMM1: 44930 | AMN1: 44931 | AMO1: 44932 | AMP1: 44933 | AMQ1: 44934 | AMR1: 44935 | AMS1: 44936 | AMT1: 44937 | AMU1: 44938 | AMV1: 44939 | AMW1: 44940 | AMX1: 44941 | AMY1: 44942 | AMZ1: 44943 | ANA1: 44944 | ANB1: 44945 | ANC1: 44946 | AND1: 44947 | ANE1: 44948 | ANF1: 44949 | ANG1: 44950 | ANH1: 44951 | ANI1: 44952 | ANJ1: 44953 | ANK1: 44954 | ANL1: 44955 | ANM1: 44956 | ANN1: 44957 | ANO1: 44958 | ANP1: 44959 | ANQ1: 44960 | ANR1: 44961 | ANS1: 44962 | ANT1: 44963 | ANU1: 44964 | ANV1: 44965 | ANW1: 44966 | ANX1: 44967 | ANY1: 44968 | ANZ1: 44969 | AOA1: 44970 | AOB1: 44971 | AOC1: 44972 | AOD1: 44973 | AOE1: 44974 | AOF1: 44975 | AOG1: 44976 | AOH1: 44977 | AOI1: 44978 | AOJ1: 44979 | AOK1: 44980 | AOL1: 44981 | AOM1: 44982 | AON1: 44983 | AOO1: 44984 | AOP1: 44985 | AOQ1: 44986 | AOR1: 44987 | AOS1: 44988 | AOT1: 44989 | AOU1: 44990 | AOV1: 44991 | AOW1: 44992 | AOX1: 44993 | AOY1: 44994 | AOZ1: 44995 | APA1: 44996 | APB1: 44997 | APC1: 44998 | APD1: 44999 | APE1: 45000 | APF1: 45001 | APG1: 45002 | APH1: 45003 | API1: 45004 | APJ1: 45005 | APK1: 45006 | APL1: 45007 | APM1: 45008 | APN1: 45009 | APO1: 45010 | APP1: 45011 | APQ1: 45012 | APR1: 45013 | APS1: 45014 | APT1: 45015 | APU1: 45016 | APV1: 45017 | APW1: 45018 | APX1: 45019 | APY1: 45020 | APZ1: 45021 | AQA1: 45022 | AQB1: 45023 | AQC1: 45024 | AQD1: 45025 | AQE1: 45026 | AQF1: 45027 | AQG1: 45028 | AQH1: 45029 | AQI1: 45030 | AQJ1: 45031 | AQK1: 45032 | AQL1: 45033 | AQM1: 45034 | AQN1: 45035 | AQO1: 45036 | AQP1: 45037 | AQQ1: 45038 | AQR1: 45039 | AQS1: 45040 | AQT1: 45041 | AQU1: 45042 | AQV1: 45043 | AQW1: 45044 | AQX1: 45045 | AQY1: 45046 | AQZ1: 45047 | ARA1: 45048 | ARB1: 45049 | ARC1: 45050 | ARD1: 45051 | ARE1: 45052 | ARF1: 45053 | ARG1: 45054 | ARH1: 45055 | ARI1: 45056 | ARJ1: 45057 | ARK1: 45058 | ARL1: 45059 | ARM1: 45060 | ARN1: 45061 | ARO1: 45062 | ARP1: 45063 | ARQ1: 45064 | ARR1: 45065 | ARS1: 45066 | ART1: 45067 | ARU1: 45068 | ARV1: 45069 | ARW1: 45070 | ARX1: 45071 | ARY1: 45072 | ARZ1: 45073 | ASA1: 45074 | ASB1: 45075 | ASC1: 45076 | ASD1: 45077 | ASE1: 45078 | ASF1: 45079 | ASG1: 45080 | ASH1: 45081 | ASI1: 45082 | ASJ1: 45083 | ASK1: 45084 | ASL1: 45085 | ASM1: 45086 | ASN1: 45087 | ASO1: 45088 | ASP1: 45089 | ASQ1: 45090 | ASR1: 45091 | ASS1: 45092 | AST1: 45093 | ASU1: 45094 | ASV1: 45095 | ASW1: 45096 | ASX1: 45097 | ASY1: 45098 | ASZ1: 45099 | ATA1: 45100
A2: 01 | B2: 1434635 | C2: AGUASCALIENTES | D2: 0 | E2: 0 | F2: 0 | G2: 0 | H2: 0 | I2: 0 | J2: 0 | K2: 0 | L2: 0 | M2: 0 | N2: 0 | O2: 0 | P2: 0 | Q2: 0 | R2: 0 | S2: 0 | T2: 0 | U2: 0 | V2: 0 | W2: 0 | X2: 0 | Y2: 0 | Z2: 0 | AA2: 0 | AB2: 1 | AC2: 0 | AD2: 0 | AE2: 1 | AF2: 0 | AG2: 0 | AH2: 0 | AI2: 1 | AJ2: 0 | AK2: 1 | AL2: 0 | AM2: 0 | AN2: 1 | AO2: 0 | AP2: 0 | AQ2: 0 | AR2: 0 | AS2: 1 | AT2: 1 | AU2: 0 | AV2: 1 | AW2: 0 | AX2: 0 | AY2: 0 | AZ2: 1 | BA2: 0 | BB2: 3 | BC2: 3 | BD2: 1 | BE2: 0 | BF2: 1 | BG2: 0 | BH2: 0 | BI2: 2 | BJ2: 1 | BK2: 1 | BL2: 1 | BM2: 4 | BN2: 0 | BO2: 0 | BP2: 0 | BQ2: 2 | BR2: 1 | BS2: 0 | BT2: 4 | BU2: 1 | BV2: 1 | BW2: 4 | BX2: 3 | BY2: 3 | BZ2: 2 | CA2: 2 | CB2: 2 | CC2: 3 | CD2: 4 | CE2: 4 | CF2: 2 | CG2: 5 | CH2: 4 | CI2: 2 | CJ2: 4 | CK2: 6 | CL2: 3 | CM2: 7 | CN2: 2 | CO2: 3 | CP2: 3 | CQ2: 5 | CR2: 4 | CS2: 6 | CT2: 5 | CU2: 4 | CV2: 4 | CW2: 1 | CX2: 2 | CY2: 6 | CZ2: 5 | DA2: 10 | DB2: 4 | DC2: 1 | DD2: 4 | DE2: 2 | DF2: 2 | DG2: 4 | DH2: 4 | DI2: 8 | DJ2: 4 | DK2: 2 | DL2: 6 | DM2: 6 | DN2: 3 | DO2: 2 | DP2: 6 | DQ2: 4 | DR2: 3 | DS2: 5 | DT2: 3 | DU2: 3 | DV2: 2 | DW2: 3 | DX2: 2 | DY2: 5 | DZ2: 2 | EA2: 2 | EB2: 8 | EC2: 10 | ED2: 5 | EE2: 4 | EF2: 3 | EG2: 3 | EH2: 3 | EI2: 3 | EJ2: 4 | EK2: 3 | EL2: 2 | EM2: 2 | EN2: 6 | EO2: 2 | EP2: 6 | EQ2: 7 | ER2: 5 | ES2: 5 | ET2: 3 | EU2: 5 | EV2: 5 | EW2: 5 | EX2: 6 | EY2: 8 | EZ2: 6 | FA2: 4 | FB2: 5 | FC2: 4 | FD2: 5 | FE2: 6 | FF2: 3 | FG2: 2 | FH2: 16 | FI2: 7 | FJ2: 5 | FK2: 11 | FL2: 6 | FM2: 4 | FN2: 5 | FO2: 10 | FP2: 7 | FQ2: 13 | FR2: 6 | FS2: 8 | FT2: 12 | FU2: 7 | FV2: 8 | FW2: 9 | FX2: 7 | FY2: 2 | FZ2: 6 | GA2: 6 | GB2: 4 | GC2: 9 | GD2: 5 | GE2: 7 | GF2: 7 | GG2: 8 | GH2: 5 | GI2: 8 | GJ2: 12 | GK2: 6 | GL2: 4 | GM2: 7 | GN2: 5 | GO2: 3 | GP2: 8 | GQ2: 10 | GR2: 7 | GS2: 5 | GT2: 11 | GU2: 1 | GV2: 3 | GW2: 8 | GX2: 9 | GY2: 5 | GZ2: 2 | HA2: 7 | HB2: 4 | HC2: 6 | HD2: 3 | HE2: 8 | HF2: 8 | HG2: 3 | HH2: 6 | HI2: 3 | HJ2: 13 | HK2: 5 | HL2: 11 | HM2: 11 | HN2: 11 | HO2: 11 | HP2: 7 | HQ2: 10 | HR2: 7 | HS2: 3 | HT2: 4 | HU2: 5 | HV2: 9 | HW2: 7 | HX2: 7 | HY2: 6 | HZ2: 15 | IA2: 13 | IB2: 6 | IC2: 11 | ID2: 19 | IE2: 12 | IF2: 11 | IG2: 10 | IH2: 10 | II2: 13 | IJ2: 19 | IK2: 11 | IL2: 21 | IM2: 23 | IN2: 12 | IO2: 12 | IP2: 11 | IQ2: 9 | IR2: 12 | IS2: 20 | IT2: 11 | IU2: 11 | IV2: 14 | IW2: 12 | IX2: 15 | IY2: 8 | IZ2: 7 | JA2: 18 | JB2: 18 | JC2: 24 | JD2: 17 | JE2: 11 | JF2: 11 | JG2: 23 | JH2: 15 | JI2: 10 | JJ2: 17 | JK2: 8 | JL2: 11 | JM2: 11 | JN2: 11 | JO2: 15 | JP2: 13 | JQ2: 4 | JR2: 9 | JS2: 8 | JT2: 10 | JU2: 6 | JV2: 11 | JW2: 13 | JX2: 11 | JY2: 4 | JZ2: 5 | KA2: 11 | KB2: 10 | KC2: 8 | KD2: 10 | KE2: 10 | KF2: 11 | KG2: 7 | KH2: 4 | KI2: 5 | KJ2: 9 | KK2: 5 | KL2: 7 | KM2: 8 | KN2: 8 | KO2: 6 | KP2: 6 | KQ2: 10 | KR2: 16 | KS2: 10 | KT2: 8 | KU2: 9 | KV2: 12 | KW2: 12 | KX2: 15 | KY2: 6 | KZ2: 15 | LA2: 14 | LB2: 10 | LC2: 12 | LD2: 11 | LE2: 11 | LF2: 18 | LG2: 14 | LH2: 12 | LI2: 14 | LJ2: 14 | LK2: 15 | LL2: 8 | LM2: 21 | LN2: 16 | LO2: 5 | LP2: 17 | LQ2: 16 | LR2: 17 | LS2: 9 | LT2: 8 | LU2: 10 | LV2: 16 | LW2: 12 | LX2: 4 | LY2: 9 | LZ2: 9 | MA2: 11 | MB2: 8 | MC2: 4 | MD2: 10 | ME2: 10 | MF2: 9 | MG2: 5 | MH2: 8 | MI2: 6 | MJ2: 5 | MK2: 6 | ML2: 4 | MM2: 8 | MN2: 8 | MO2: 6 | MP2: 1 | MQ2: 4 | MR2: 6 | MS2: 6 | MT2: 6 | MU2: 5 | MV2: 5 | MW2: 3 | MX2: 6 | MY2: 7 | MZ2: 3 | NA2: 4 | NB2: 3 | NC2: 6 | ND2: 1 | NE2: 3 | NF2: 1 | NG2: 2 | NH2: 4 | NI2: 5 | NJ2: 4 | NK2: 2 | NL2: 1 | NM2: 2 | NN2: 3 | NO2: 1 | NP2: 2 | NQ2: 3 | NR2: 2 | NS2: 3 | NT2: 8 | NU2: 2 | NV2: 2 | NW2: 6 | NX2: 3 | NY2: 3 | NZ2: 4 | OA2: 3 | OB2: 4 | OC2: 3 | OD2: 3 | OE2: 3 | OF2: 5 | OG2: 2 | OH2: 9 | OI2: 6 | OJ2: 5 | OK2: 6 | OL2: 5 | OM2: 10 | ON2: 3 | OO2: 3 | OP2: 1 | OQ2: 2 | OR2: 5 | OS2: 3 | OT2: 4 | OU2: 2 | OV2: 3 | OW2: 1 | OX2: 5 | OY2: 4 | OZ2: 1 | PA2: 0 | PB2: 4 | PC2: 1 | PD2: 1 | PE2: 2 | PF2: 4 | PG2: 0 | PH2: 0 | PI2: 5 | PJ2: 1 | PK2: 1 | PL2: 0 | PM2: 2 | PN2: 0 | PO2: 1 | PP2: 1 | PQ2: 2 | PR2: 0 | PS2: 2 | PT2: 4 | PU2: 1 | PV2: 1 | PW2: 2 | PX2: 0 | PY2: 0 | PZ2: 0 | QA2: 1 | QB2: 0 | QC2: 1 | QD2: 2 | QE2: 2 | QF2: 4 | QG2: 1 | QH2: 0 | QI2: 1 | QJ2: 1 | QK2: 0 | QL2: 0 | QM2: 1 | QN2: 1 | QO2: 2 | QP2: 1 | QQ2: 3 | QR2: 0 | QS2: 0 | QT2: 0 | QU2: 0 | QV2: 1 | QW2: 0 | QX2: 0 | QY2: 0 | QZ2: 0 | RA2: 1 | RB2: 1 | RC2: 0 | RD2: 0 | RE2: 0 | RF2: 0 | RG2: 0 | RH2: 0 | RI2: 0 | RJ2: 0 | RK2: 1 | RL2: 0 | RM2: 0 | RN2: 1 | RO2: 0 | RP2: 0 | RQ2: 1 | RR2: 1 | RS2: 0 | RT2: 0 | RU2: 1 | RV2: 1 | RW2: 0 | RX2: 2 | RY2: 0 | RZ2: 0 | SA2: 2 | SB2: 0 | SC2: 1 | SD2: 2 | SE2: 1 | SF2: 0 | SG2: 0 | SH2: 1 | SI2: 2 | SJ2: 2 | SK2: 0 | SL2: 0 | SM2: 4 | SN2: 1 | SO2: 2 | SP2: 1 | SQ2: 2 | SR2: 6 | SS2: 3 | ST2: 3 | SU2: 2 | SV2: 5 | SW2: 5 | SX2: 5 | SY2: 4 | SZ2: 1 | TA2: 5 | TB2: 5 | TC2: 4 | TD2: 3 | TE2: 5 | TF2: 2 | TG2: 6 | TH2: 2 | TI2: 11 | TJ2: 5 | TK2: 8 | TL2: 5 | TM2: 8 | TN2: 11 | TO2: 5 | TP2: 13 | TQ2: 5 | TR2: 3 | TS2: 2 | TT2: 2 | TU2: 6 | TV2: 6 | TW2: 2 | TX2: 6 | TY2: 13 | TZ2: 8 | UA2: 6 | UB2: 2 | UC2: 4 | UD2: 7 | UE2: 5 | UF2: 5 | UG2: 6 | UH2: 6 | UI2: 3 | UJ2: 8 | UK2: 5 | UL2: 4 | UM2: 4 | UN2: 6 | UO2: 9 | UP2: 2 | UQ2: 4 | UR2: 6 | US2: 5 | UT2: 8 | UU2: 2 | UV2: 3 | UW2: 5 | UX2: 3 | UY2: 6 | UZ2: 3 | VA2: 11 | VB2: 2 | VC2: 6 | VD2: 1 | VE2: 4 | VF2: 4 | VG2: 4 | VH2: 4 | VI2: 3 | VJ2: 2 | VK2: 4 | VL2: 5 | VM2: 2 | VN2: 4 | VO2: 5 | VP2: 1 | VQ2: 6 | VR2: 4 | VS2: 2 | VT2: 3 | VU2: 6 | VV2: 4 | VW2: 2 | VX2: 1 | VY2: 3 | VZ2: 4 | WA2: 5 | WB2: 6 | WC2: 3 | WD2: 0 | WE2: 2 | WF2: 0 | WG2: 4 | WH2: 2 | WI2: 2 | WJ2: 2 | WK2: 1 | WL2: 3 | WM2: 2 | WN2: 1 | WO2: 2 | WP2: 2 | WQ2: 2 | WR2: 3 | WS2: 2 | WT2: 0 | WU2: 3 | WV2: 2 | WW2: 3 | WX2: 0 | WY2: 3 | WZ2: 5 | XA2: 2 | XB2: 2 | XC2: 0 | XD2: 3 | XE2: 2 | XF2: 2 | XG2: 1 | XH2: 2 | XI2: 4 | XJ2: 1 | XK2: 5 | XL2: 3 | XM2: 0 | XN2: 3 | XO2: 1 | XP2: 4 | XQ2: 3 | XR2: 1 | XS2: 3 | XT2: 6 | XU2: 3 | XV2: 1 | XW2: 6 | XX2: 4 | XY2: 2 | XZ2: 3 | YA2: 2 | YB2: 4 | YC2: 3 | YD2: 5 | YE2: 4 | YF2: 3 | YG2: 9 | YH2: 1 | YI2: 1 | YJ2: 2 | YK2: 4 | YL2: 4 | YM2: 4 | YN2: 8 | YO2: 3 | YP2: 3 | YQ2: 7 | YR2: 10 | YS2: 9 | YT2: 10 | YU2: 6 | YV2: 12 | YW2: 6 | YX2: 8 | YY2: 6 | YZ2: 9 | ZA2: 3 | ZB2: 10 | ZC2: 18 | ZD2: 15 | ZE2: 14 | ZF2: 10 | ZG2: 12 | ZH2: 8 | ZI2: 12 | ZJ2: 15 | ZK2: 7 | ZL2: 5 | ZM2: 12 | ZN2: 9 | ZO2: 10 | ZP2: 16 | ZQ2: 8 | ZR2: 11 | ZS2: 5 | ZT2: 12 | ZU2: 11 | ZV2: 10 | ZW2: 1 | ZX2: 7 | ZY2: 6 | ZZ2: 2 | AAA2: 9 | AAB2: 2 | AAC2: 5 | AAD2: 5 | AAE2: 2 | AAF2: 3 | AAG2: 0 | AAH2: 3 | AAI2: 0 | AAJ2: 3 | AAK2: 1 | AAL2: 1 | AAM2: 1 | AAN2: 2 | AAO2: 0 | AAP2: 0 | AAQ2: 2 | AAR2: 1 | AAS2: 2 | AAT2: 0 | AAU2: 3 | AAV2: 1 | AAW2: 0 | AAX2: 1 | AAY2: 3 | AAZ2: 1 | ABA2: 0 | ABB2: 0 | ABC2: 2 | ABD2: 0 | ABE2: 0 | ABF2: 0 | ABG2: 2 | ABH2: 1 | ABI2: 0 | ABJ2: 0 | ABK2: 0 | ABL2: 2 | ABM2: 2 | ABN2: 1 | ABO2: 1 | ABP2: 0 | ABQ2: 0 | ABR2: 0 | ABS2: 0 | ABT2: 0 | ABU2: 0 | ABV2: 1 | ABW2: 0 | ABX2: 0 | ABY2: 0 | ABZ2: 0 | ACA2: 0 | ACB2: 0 | ACC2: 0 | ACD2: 0 | ACE2: 0 | ACF2: 0 | ACG2: 0 | ACH2: 0 | ACI2: 0 | ACJ2: 0 | ACK2: 1 | ACL2: 0 | ACM2: 0 | ACN2: 0 | ACO2: 0 | ACP2: 1 | ACQ2: 1 | ACR2: 0 | ACS2: 0 | ACT2: 0 | ACU2: 0 | ACV2: 0 | ACW2: 0 | ACX2: 0 | ACY2: 0 | ACZ2: 0 | ADA2: 1 | ADB2: 0 | ADC2: 0 | ADD2: 0 | ADE2: 0 | ADF2: 0 | ADG2: 1 | ADH2: 0 | ADI2: 0 | ADJ2: 0 | ADK2: 0 | ADL2: 0 | ADM2: 0 | ADN2: 0 | ADO2: 0 | ADP2: 0 | ADQ2: 0 | ADR2: 0 | ADS2: 0 | ADT2: 0 | ADU2: 0 | ADV2: 0 | ADW2: 0 | ADX2: 0 | ADY2: 0 | ADZ2: 0 | AEA2: 0 | AEB2: 0 | AEC2: 0 | AED2: 0 | AEE2: 0 | AEF2: 1 | AEG2: 0 | AEH2: 1 | AEI2: 1 | AEJ2: 0 | AEK2: 0 | AEL2: 0 | AEM2: 0 | AEN2: 0 | AEO2: 0 | AEP2: 0 | AEQ2: 1 | AER2: 0 | AES2: 0 | AET2: 0 | AEU2: 1 | AEV2: 0 | AEW2: 1 | AEX2: 0 | AEY2: 1 | AEZ2: 0 | AFA2: 0 | AFB2: 0 | AFC2: 0 | AFD2: 1 | AFE2: 1 | AFF2: 0 | AFG2: 0 | AFH2: 0 | AFI2: 0 | AFJ2: 0 | AFK2: 0 | AFL2: 0 | AFM2: 1 | AFN2: 1 | AFO2: 1 | AFP2: 0 | AFQ2: 0 | AFR2: 2 | AFS2: 0 | AFT2: 2 | AFU2: 2 | AFV2: 0 | AFW2: 2 | AFX2: 0 | AFY2: 1 | AFZ2: 0 | AGA2: 0 | AGB2: 0 | AGC2: 1 | AGD2: 0 | AGE2: 2 | AGF2: 1 | AGG2: 1 | AGH2: 2 | AGI2: 0 | AGJ2: 1 | AGK2: 1 | AGL2: 1 | AGM2: 0 | AGN2: 0 | AGO2: 0 | AGP2: 2 | AGQ2: 1 | AGR2: 1 | AGS2: 0 | AGT2: 0 | AGU2: 1 | AGV2: 1 | AGW2: 0 | AGX2: 2 | AGY2: 0 | AGZ2: 1 | AHA2: 1 | AHB2: 2 | AHC2: 0 | AHD2: 1 | AHE2: 0 | AHF2: 1 | AHG2: 1 | AHH2: 0 | AHI2: 1 | AHJ2: 2 | AHK2: 1 | AHL2: 0 | AHM2: 2 | AHN2: 0 | AHO2: 0 | AHP2: 3 | AHQ2: 0 | AHR2: 0 | AHS2: 0 | AHT2: 0 | AHU2: 0 | AHV2: 1 | AHW2: 0 | AHX2: 0 | AHY2: 0 | AHZ2: 0 | AIA2: 1 | AIB2: 0 | AIC2: 0 | AID2: 0 | AIE2: 1 | AIF2: 0 | AIG2: 1 | AIH2: 0 | AII2: 0 | AIJ2: 0 | AIK2: 0 | AIL2: 0 | AIM2: 1 | AIN2: 0 | AIO2: 0 | AIP2: 0 | AIQ2: 0 | AIR2: 0 | AIS2: 0 | AIT2: 0 | AIU2: 0 | AIV2: 0 | AIW2: 0 | AIX2: 0 | AIY2: 0 | AIZ2: 1 | AJA2: 0 | AJB2: 0 | AJC2: 0 | AJD2: 0 | AJE2: 0 | AJF2: 0 | AJG2: 0 | AJH2: 0 | AJI2: 0 | AJJ2: 0 | AJK2: 0 | AJL2: 0 | AJM2: 0 | AJN2: 0 | AJO2: 0 | AJP2: 0 | AJQ2: 0 | AJR2: 0 | AJS2: 1 | AJT2: 0 | AJU2: 0 | AJV2: 0 | AJW2: 0 | AJX2: 0 | AJY2: 0 | AJZ2: 0 | AKA2: 0 | AKB2: 0 | AKC2: 0 | AKD2: 0 | AKE2: 0 | AKF2: 0 | AKG2: 0 | AKH2: 0 | AKI2: 0 | AKJ2: 0 | AKK2: 0 | AKL2: 0 | AKM2: 0 | AKN2: 0 | AKO2: 0 | AKP2: 0 | AKQ2: 0 | AKR2: 0 | AKS2: 0 | AKT2: 0 | AKU2: 0 | AKV2: 0 | AKW2: 0 | AKX2: 0 | AKY2: 0 | AKZ2: 0 | ALA2: 0 | ALB2: 0 | ALC2: 0 | ALD2: 1 | ALE2: 0 | ALF2: 0 | ALG2: 0 | ALH2: 0 | ALI2: 0 | ALJ2: 0 | ALK2: 0 | ALL2: 0 | ALM2: 0 | ALN2: 0 | ALO2: 0 | ALP2: 0 | ALQ2: 0 | ALR2: 0 | ALS2: 0 | ALT2: 2 | ALU2: 0 | ALV2: 0 | ALW2: 0 | ALX2: 1 | ALY2: 0 | ALZ2: 1 | AMA2: 1 | AMB2: 0 | AMC2: 0 | AMD2: 0 | AME2: 0 | AMF2: 0 | AMG2: 1 | AMH2: 0 | AMI2: 0 | AMJ2: 2 | AMK2: 0 | AML2: 1 | AMM2: 0 | AMN2: 0 | AMO2: 0 | AMP2: 0 | AMQ2: 0 | AMR2: 1 | AMS2: 0 | AMT2: 1 | AMU2: 0 | AMV2: 0 | AMW2: 1 | AMX2: 1 | AMY2: 1 | AMZ2: 1 | ANA2: 2 | ANB2: 0 | ANC2: 1 | AND2: 0 | ANE2: 1 | ANF2: 1 | ANG2: 1 | ANH2: 1 | ANI2: 0 | ANJ2: 1 | ANK2: 1 | ANL2: 0 | ANM2: 2 | ANN2: 0 | ANO2: 0 | ANP2: 1 | ANQ2: 0 | ANR2: 1 | ANS2: 0 | ANT2: 2 | ANU2: 2 | ANV2: 2 | ANW2: 1 | ANX2: 0 | ANY2: 1 | ANZ2: 1 | AOA2: 1 | AOB2: 0 | AOC2: 0 | AOD2: 0 | AOE2: 0 | AOF2: 0 | AOG2: 1 | AOH2: 0 | AOI2: 1 | AOJ2: 0 | AOK2: 0 | AOL2: 1 | AOM2: 0 | AON2: 0 | AOO2: 1 | AOP2: 0 | AOQ2: 0 | AOR2: 0 | AOS2: 0 | AOT2: 0 | AOU2: 0 | AOV2: 0 | AOW2: 0 | AOX2: 0 | AOY2: 0 | AOZ2: 0 | APA2: 0 | APB2: 0 | APC2: 0 | APD2: 0 | APE2: 0 | APF2: 0 | APG2: 0 | APH2: 0 | API2: 0 | APJ2: 0 | APK2: 0 | APL2: 0 | APM2: 0 | APN2: 0 | APO2: 0 | APP2: 0 | APQ2: 0 | APR2: 0 | APS2: 0 | APT2: 0 | APU2: 0 | APV2: 0 | APW2: 0 | APX2: 1 | APY2: 0 | APZ2: 0 | AQA2: 0 | AQB2: 0 | AQC2: 0 | AQD2: 0 | AQE2: 0 | AQF2: 0 | AQG2: 1 | AQH2: 1 | AQI2: 0 | AQJ2: 0 | AQK2: 0 | AQL2: 0 | AQM2: 0 | AQN2: 0 | AQO2: 0 | AQP2: 0 | AQQ2: 0 | AQR2: 0 | AQS2: 0 | AQT2: 0 | AQU2: 0 | AQV2: 0 | AQW2: 0 | AQX2: 0 | AQY2: 0 | AQZ2: 0 | ARA2: 0 | ARB2: 0 | ARC2: 0 | ARD2: 0 | ARE2: 0 | ARF2: 0 | ARG2: 0 | ARH2: 0 | ARI2: 0 | ARJ2: 0 | ARK2: 0 | ARL2: 0 | ARM2: 0 | ARN2: 0 | ARO2: 1 | ARP2: 0 | ARQ2: 0 | ARR2: 0 | ARS2: 0 | ART2: 0 | ARU2: 0 | ARV2: 0 | ARW2: 0 | ARX2: 0 | ARY2: 0 | ARZ2: 0 | ASA2: 0 | ASB2: 0 | ASC2: 0 | ASD2: 0 | ASE2: 0 | ASF2: 0 | ASG2: 0 | ASH2: 0 | ASI2: 0 | ASJ2: 0 | ASK2: 0 | ASL2: 0 | ASM2: 0 | ASN2: 0 | ASO2: 0 | ASP2: 0 | ASQ2: 0 | ASR2: 0 | ASS2: 0 | AST2: 0 | ASU2: 0 | ASV2: 0 | ASW2: 0 | ASX2: 1 | ASY2: 0 | ASZ2: 0 | ATA2: 0
A3: 02 | B3: 3634868 | C3: BAJA CALIFORNIA | D3: 0 | E3: 0 | F3: 0 | G3: 0 | H3: 0 | I3: 0 | J3: 0 | K3: 0 | L3: 0 | M3: 0 | N3: 0 | O3: 0 | P3: 1 | Q3: 2 | R3: 2 | S3: 2 | T3: 5 | U3: 2 | V3: 9 | W3: 1 | X3: 12 | Y3: 5 | Z3: 7 | AA3: 7 | AB3: 11 | AC3: 14 | AD3: 20 | AE3: 14 | AF3: 20 | AG3: 22 | AH3: 18 | AI3: 30 | AJ3: 20 | AK3: 32 | AL3: 27 | AM3: 25 | AN3: 35 | AO3: 32 | AP3: 33 | AQ3: 34 | AR3: 28 | AS3: 43 | AT3: 44 | AU3: 45 | AV3: 35 | AW3: 33 | AX3: 38 | AY3: 27 | AZ3: 42 | BA3: 47 | BB3: 40 | BC3: 31 | BD3: 38 | BE3: 41 | BF3: 34 | BG3: 36 | BH3: 31 | BI3: 41 | BJ3: 41 | BK3: 30 | BL3: 34 | BM3: 45 | BN3: 52 | BO3: 34 | BP3: 41 | BQ3: 23 | BR3: 28 | BS3: 30 | BT3: 35 | BU3: 42 | BV3: 37 | BW3: 35 | BX3: 40 | BY3: 22 | BZ3: 34 | CA3: 33 | CB3: 37 | CC3: 32 | CD3: 32 | CE3: 33 | CF3: 26 | CG3: 40 | CH3: 32 | CI3: 36 | CJ3: 24 | CK3: 33 | CL3: 28 | CM3: 33 | CN3: 30 | CO3: 35 | CP3: 25 | CQ3: 21 | CR3: 30 | CS3: 25 | CT3: 27 | CU3: 15 | CV3: 25 | CW3: 23 | CX3: 26 | CY3: 27 | CZ3: 27 | DA3: 27 | DB3: 22 | DC3: 18 | DD3: 30 | DE3: 32 | DF3: 22 | DG3: 25 | DH3: 29 | DI3: 31 | DJ3: 38 | DK3: 45 | DL3: 32 | DM3: 25 | DN3: 23 | DO3: 31 | DP3: 26 | DQ3: 24 | DR3: 19 | DS3: 23 | DT3: 9 | DU3: 26 | DV3: 27 | DW3: 18 | DX3: 25 | DY3: 28 | DZ3: 20 | EA3: 22 | EB3: 23 | EC3: 16 | ED3: 29 | EE3: 17 | EF3: 24 | EG3: 21 | EH3: 18 | EI3: 25 | EJ3: 16 | EK3: 16 | EL3: 18 | EM3: 23 | EN3: 33 | EO3: 16 | EP3: 13 | EQ3: 15 | ER3: 20 | ES3: 7 | ET3: 17 | EU3: 23 | EV3: 6 | EW3: 12 | EX3: 22 | EY3: 14 | EZ3: 19 | FA3: 28 | FB3: 22 | FC3: 12 | FD3: 11 | FE3: 13 | FF3: 16 | FG3: 13 | FH3: 17 | FI3: 11 | FJ3: 13 | FK3: 11 | FL3: 15 | FM3: 9 | FN3: 23 | FO3: 15 | FP3: 18 | FQ3: 17 | FR3: 9 | FS3: 13 | FT3: 14 | FU3: 7 | FV3: 21 | FW3: 11 | FX3: 17 | FY3: 9 | FZ3: 9 | GA3: 12 | GB3: 8 | GC3: 18 | GD3: 11 | GE3: 11 | GF3: 13 | GG3: 12 | GH3: 13 | GI3: 11 | GJ3: 6 | GK3: 11 | GL3: 11 | GM3: 20 | GN3: 10 | GO3: 5 | GP3: 12 | GQ3: 11 | GR3: 8 | GS3: 12 | GT3: 6 | GU3: 7 | GV3: 8 | GW3: 7 | GX3: 11 | GY3: 12 | GZ3: 5 | HA3: 8 | HB3: 9 | HC3: 8 | HD3: 8 | HE3: 16 | HF3: 7 | HG3: 12 | HH3: 7 | HI3: 12 | HJ3: 7 | HK3: 11 | HL3: 11 | HM3: 11 | HN3: 11 | HO3: 9 | HP3: 15 | HQ3: 8 | HR3: 18 | HS3: 16 | HT3: 10 | HU3: 14 | HV3: 9 | HW3: 8 | HX3: 15 | HY3: 22 | HZ3: 23 | IA3: 10 | IB3: 16 | IC3: 18 | ID3: 15 | IE3: 10 | IF3: 17 | IG3: 13 | IH3: 15 | II3: 14 | IJ3: 13 | IK3: 16 | IL3: 12 | IM3: 15 | IN3: 12 | IO3: 14 | IP3: 18 | IQ3: 30 | IR3: 24 | IS3: 22 | IT3: 29 | IU3: 29 | IV3: 25 | IW3: 21 | IX3: 37 | IY3: 29 | IZ3: 24 | JA3: 32 | JB3: 38 | JC3: 39 | JD3: 28 | JE3: 36 | JF3: 40 | JG3: 35 | JH3: 40 | JI3: 27 | JJ3: 48 | JK3: 43 | JL3: 46 | JM3: 40 | JN3: 35 | JO3: 42 | JP3: 44 | JQ3: 55 | JR3: 40 | JS3: 54 | JT3: 65 | JU3: 56 | JV3: 53 | JW3: 61 | JX3: 57 | JY3: 53 | JZ3: 57 | KA3: 56 | KB3: 60 | KC3: 50 | KD3: 58 | KE3: 61 | KF3: 48 | KG3: 47 | KH3: 67 | KI3: 40 | KJ3: 42 | KK3: 48 | KL3: 57 | KM3: 63 | KN3: 51 | KO3: 48 | KP3: 43 | KQ3: 48 | KR3: 37 | KS3: 42 | KT3: 47 | KU3: 38 | KV3: 46 | KW3: 36 | KX3: 35 | KY3: 48 | KZ3: 40 | LA3: 44 | LB3: 48 | LC3: 33 | LD3: 24 | LE3: 41 | LF3: 36 | LG3: 27 | LH3: 33 | LI3: 20 | LJ3: 35 | LK3: 30 | LL3: 23 | LM3: 29 | LN3: 30 | LO3: 24 | LP3: 17 | LQ3: 23 | LR3: 23 | LS3: 16 | LT3: 22 | LU3: 21 | LV3: 23 | LW3: 25 | LX3: 19 | LY3: 13 | LZ3: 12 | MA3: 13 | MB3: 18 | MC3: 11 | MD3: 13 | ME3: 6 | MF3: 12 | MG3: 8 | MH3: 15 | MI3: 7 | MJ3: 10 | MK3: 12 | ML3: 8 | MM3: 5 | MN3: 7 | MO3: 6 | MP3: 9 | MQ3: 7 | MR3: 7 | MS3: 4 | MT3: 5 | MU3: 7 | MV3: 8 | MW3: 7 | MX3: 7 | MY3: 3 | MZ3: 2 | NA3: 3 | NB3: 6 | NC3: 3 | ND3: 2 | NE3: 10 | NF3: 10 | NG3: 5 | NH3: 4 | NI3: 7 | NJ3: 3 | NK3: 3 | NL3: 3 | NM3: 5 | NN3: 2 | NO3: 4 | NP3: 0 | NQ3: 9 | NR3: 1 | NS3: 3 | NT3: 4 | NU3: 3 | NV3: 4 | NW3: 5 | NX3: 5 | NY3: 3 | NZ3: 3 | OA3: 3 | OB3: 6 | OC3: 6 | OD3: 3 | OE3: 4 | OF3: 4 | OG3: 2 | OH3: 6 | OI3: 3 | OJ3: 3 | OK3: 2 | OL3: 5 | OM3: 9 | ON3: 4 | OO3: 2 | OP3: 5 | OQ3: 2 | OR3: 4 | OS3: 1 | OT3: 3 | OU3: 1 | OV3: 1 | OW3: 4 | OX3: 3 | OY3: 4 | OZ3: 3 | PA3: 3 | PB3: 4 | PC3: 6 | PD3: 6 | PE3: 4 | PF3: 4 | PG3: 6 | PH3: 3 | PI3: 3 | PJ3: 2 | PK3: 3 | PL3: 2 | PM3: 3 | PN3: 9 | PO3: 5 | PP3: 4 | PQ3: 1 | PR3: 2 | PS3: 2 | PT3: 9 | PU3: 1 | PV3: 2 | PW3: 2 | PX3: 3 | PY3: 4 | PZ3: 5 | QA3: 4 | QB3: 2 | QC3: 3 | QD3: 3 | QE3: 1 | QF3: 1 | QG3: 6 | QH3: 1 | QI3: 1 | QJ3: 3 | QK3: 5 | QL3: 5 | QM3: 4 | QN3: 1 | QO3: 3 | QP3: 2 | QQ3: 2 | QR3: 4 | QS3: 6 | QT3: 3 | QU3: 1 | QV3: 3 | QW3: 3 | QX3: 4 | QY3: 7 | QZ3: 3 | RA3: 4 | RB3: 1 | RC3: 3 | RD3: 4 | RE3: 4 | RF3: 0 | RG3: 3 | RH3: 2 | RI3: 0 | RJ3: 3 | RK3: 8 | RL3: 5 | RM3: 2 | RN3: 5 | RO3: 5 | RP3: 0 | RQ3: 2 | RR3: 3 | RS3: 0 | RT3: 2 | RU3: 1 | RV3: 3 | RW3: 4 | RX3: 5 | RY3: 9 | RZ3: 4 | SA3: 6 | SB3: 3 | SC3: 1 | SD3: 6 | SE3: 7 | SF3: 6 | SG3: 5 | SH3: 6 | SI3: 2 | SJ3: 6 | SK3: 4 | SL3: 11 | SM3: 6 | SN3: 1 | SO3: 4 | SP3: 4 | SQ3: 9 | SR3: 3 | SS3: 3 | ST3: 6 | SU3: 6 | SV3: 5 | SW3: 3 | SX3: 11 | SY3: 4 | SZ3: 4 | TA3: 11 | TB3: 6 | TC3: 6 | TD3: 5 | TE3: 9 | TF3: 8 | TG3: 9 | TH3: 6 | TI3: 5 | TJ3: 10 | TK3: 9 | TL3: 10 | TM3: 8 | TN3: 9 | TO3: 11 | TP3: 15 | TQ3: 9 | TR3: 10 | TS3: 10 | TT3: 9 | TU3: 8 | TV3: 5 | TW3: 11 | TX3: 15 | TY3: 10 | TZ3: 9 | UA3: 4 | UB3: 6 | UC3: 8 | UD3: 8 | UE3: 7 | UF3: 13 | UG3: 16 | UH3: 12 | UI3: 6 | UJ3: 10 | UK3: 19 | UL3: 10 | UM3: 12 | UN3: 9 | UO3: 13 | UP3: 12 | UQ3: 20 | UR3: 20 | US3: 10 | UT3: 10 | UU3: 8 | UV3: 9 | UW3: 12 | UX3: 6 | UY3: 11 | UZ3: 12 | VA3: 12 | VB3: 11 | VC3: 13 | VD3: 16 | VE3: 12 | VF3: 11 | VG3: 19 | VH3: 18 | VI3: 9 | VJ3: 12 | VK3: 9 | VL3: 6 | VM3: 15 | VN3: 14 | VO3: 13 | VP3: 20 | VQ3: 14 | VR3: 16 | VS3: 14 | VT3: 17 | VU3: 9 | VV3: 25 | VW3: 21 | VX3: 20 | VY3: 6 | VZ3: 15 | WA3: 23 | WB3: 18 | WC3: 27 | WD3: 11 | WE3: 11 | WF3: 19 | WG3: 32 | WH3: 25 | WI3: 22 | WJ3: 22 | WK3: 23 | WL3: 14 | WM3: 29 | WN3: 25 | WO3: 33 | WP3: 20 | WQ3: 14 | WR3: 18 | WS3: 25 | WT3: 20 | WU3: 32 | WV3: 17 | WW3: 23 | WX3: 12 | WY3: 25 | WZ3: 19 | XA3: 31 | XB3: 19 | XC3: 22 | XD3: 32 | XE3: 22 | XF3: 25 | XG3: 25 | XH3: 22 | XI3: 27 | XJ3: 25 | XK3: 31 | XL3: 35 | XM3: 20 | XN3: 27 | XO3: 27 | XP3: 23 | XQ3: 22 | XR3: 26 | XS3: 22 | XT3: 18 | XU3: 13 | XV3: 22 | XW3: 23 | XX3: 21 | XY3: 26 | XZ3: 17 | YA3: 24 | YB3: 24 | YC3: 15 | YD3: 23 | YE3: 22 | YF3: 18 | YG3: 12 | YH3: 16 | YI3: 18 | YJ3: 15 | YK3: 21 | YL3: 14 | YM3: 21 | YN3: 15 | YO3: 16 | YP3: 12 | YQ3: 33 | YR3: 25 | YS3: 20 | YT3: 17 | YU3: 28 | YV3: 16 | YW3: 13 | YX3: 11 | YY3: 22 | YZ3: 24 | ZA3: 20 | ZB3: 17 | ZC3: 26 | ZD3: 18 | ZE3: 22 | ZF3: 21 | ZG3: 24 | ZH3: 20 | ZI3: 17 | ZJ3: 23 | ZK3: 19 | ZL3: 26 | ZM3: 26 | ZN3: 24 | ZO3: 28 | ZP3: 21 | ZQ3: 23 | ZR3: 19 | ZS3: 19 | ZT3: 25 | ZU3: 19 | ZV3: 25 | ZW3: 15 | ZX3: 16 | ZY3: 19 | ZZ3: 11 | AAA3: 9 | AAB3: 11 | AAC3: 11 | AAD3: 12 | AAE3: 4 | AAF3: 7 | AAG3: 8 | AAH3: 6 | AAI3: 9 | AAJ3: 6 | AAK3: 12 | AAL3: 4 | AAM3: 4 | AAN3: 5 | AAO3: 9 | AAP3: 2 | AAQ3: 1 | AAR3: 2 | AAS3: 5 | AAT3: 2 | AAU3: 6 | AAV3: 3 | AAW3: 5 | AAX3: 1 | AAY3: 4 | AAZ3: 1 | ABA3: 1 | ABB3: 2 | ABC3: 3 | ABD3: 0 | ABE3: 0 | ABF3: 4 | ABG3: 0 | ABH3: 0 | ABI3: 1 | ABJ3: 1 | ABK3: 3 | ABL3: 1 | ABM3: 0 | ABN3: 0 | ABO3: 1 | ABP3: 1 | ABQ3: 0 | ABR3: 2 | ABS3: 2 | ABT3: 1 | ABU3: 2 | ABV3: 1 | ABW3: 0 | ABX3: 1 | ABY3: 1 | ABZ3: 0 | ACA3: 0 | ACB3: 2 | ACC3: 1 | ACD3: 1 | ACE3: 0 | ACF3: 0 | ACG3: 1 | ACH3: 1 | ACI3: 1 | ACJ3: 0 | ACK3: 1 | ACL3: 0 | ACM3: 2 | ACN3: 0 | ACO3: 0 | ACP3: 0 | ACQ3: 0 | ACR3: 0 | ACS3: 0 | ACT3: 1 | ACU3: 0 | ACV3: 0 | ACW3: 1 | ACX3: 0 | ACY3: 0 | ACZ3: 0 | ADA3: 0 | ADB3: 0 | ADC3: 0 | ADD3: 0 | ADE3: 0 | ADF3: 0 | ADG3: 0 | ADH3: 1 | ADI3: 0 | ADJ3: 0 | ADK3: 0 | ADL3: 1 | ADM3: 0 | ADN3: 0 | ADO3: 0 | ADP3: 0 | ADQ3: 2 | ADR3: 1 | ADS3: 0 | ADT3: 0 | ADU3: 0 | ADV3: 0 | ADW3: 1 | ADX3: 0 | ADY3: 0 | ADZ3: 0 | AEA3: 0 | AEB3: 1 | AEC3: 0 | AED3: 0 | AEE3: 0 | AEF3: 2 | AEG3: 0 | AEH3: 0 | AEI3: 0 | AEJ3: 0 | AEK3: 0 | AEL3: 0 | AEM3: 0 | AEN3: 0 | AEO3: 1 | AEP3: 1 | AEQ3: 1 | AER3: 0 | AES3: 0 | AET3: 0 | AEU3: 1 | AEV3: 0 | AEW3: 0 | AEX3: 1 | AEY3: 0 | AEZ3: 2 | AFA3: 1 | AFB3: 1 | AFC3: 0 | AFD3: 0 | AFE3: 1 | AFF3: 2 | AFG3: 1 | AFH3: 1 | AFI3: 0 | AFJ3: 0 | AFK3: 0 | AFL3: 1 | AFM3: 1 | AFN3: 0 | AFO3: 0 | AFP3: 1 | AFQ3: 1 | AFR3: 1 | AFS3: 3 | AFT3: 0 | AFU3: 2 | AFV3: 0 | AFW3: 3 | AFX3: 2 | AFY3: 1 | AFZ3: 3 | AGA3: 4 | AGB3: 4 | AGC3: 3 | AGD3: 3 | AGE3: 4 | AGF3: 0 | AGG3: 4 | AGH3: 4 | AGI3: 3 | AGJ3: 1 | AGK3: 2 | AGL3: 0 | AGM3: 2 | AGN3: 3 | AGO3: 2 | AGP3: 3 | AGQ3: 0 | AGR3: 3 | AGS3: 0 | AGT3: 1 | AGU3: 2 | AGV3: 1 | AGW3: 1 | AGX3: 1 | AGY3: 2 | AGZ3: 3 | AHA3: 0 | AHB3: 2 | AHC3: 2 | AHD3: 0 | AHE3: 1 | AHF3: 1 | AHG3: 2 | AHH3: 3 | AHI3: 4 | AHJ3: 0 | AHK3: 0 | AHL3: 1 | AHM3: 0 | AHN3: 1 | AHO3: 2 | AHP3: 0 | AHQ3: 0 | AHR3: 2 | AHS3: 1 | AHT3: 0 | AHU3: 0 | AHV3: 0 | AHW3: 1 | AHX3: 0 | AHY3: 0 | AHZ3: 1 | AIA3: 0 | AIB3: 1 | AIC3: 0 | AID3: 1 | AIE3: 0 | AIF3: 0 | AIG3: 0 | AIH3: 1 | AII3: 0 | AIJ3: 1 | AIK3: 0 | AIL3: 0 | AIM3: 0 | AIN3: 0 | AIO3: 0 | AIP3: 0 | AIQ3: 0 | AIR3: 1 | AIS3: 1 | AIT3: 0 | AIU3: 0 | AIV3: 0 | AIW3: 1 | AIX3: 1 | AIY3: 0 | AIZ3: 1 | AJA3: 0 | AJB3: 0 | AJC3: 0 | AJD3: 0 | AJE3: 0 | AJF3: 0 | AJG3: 0 | AJH3: 0 | AJI3: 0 | AJJ3: 1 | AJK3: 0 | AJL3: 1 | AJM3: 0 | AJN3: 0 | AJO3: 0 | AJP3: 0 | AJQ3: 0 | AJR3: 1 | AJS3: 0 | AJT3: 0 | AJU3: 0 | AJV3: 0 | AJW3: 0 | AJX3: 0 | AJY3: 0 | AJZ3: 0 | AKA3: 0 | AKB3: 0 | AKC3: 0 | AKD3: 0 | AKE3: 1 | AKF3: 0 | AKG3: 1 | AKH3: 2 | AKI3: 0 | AKJ3: 0 | AKK3: 1 | AKL3: 1 | AKM3: 0 | AKN3: 1 | AKO3: 1 | AKP3: 0 | AKQ3: 0 | AKR3: 0 | AKS3: 0 | AKT3: 0 | AKU3: 0 | AKV3: 0 | AKW3: 0 | AKX3: 0 | AKY3: 1 | AKZ3: 1 | ALA3: 1 | ALB3: 3 | ALC3: 1 | ALD3: 0 | ALE3: 0 | ALF3: 1 | ALG3: 2 | ALH3: 0 | ALI3: 1 | ALJ3: 3 | ALK3: 0 | ALL3: 1 | ALM3: 0 | ALN3: 0 | ALO3: 0 | ALP3: 0 | ALQ3: 0 | ALR3: 0 | ALS3: 2 | ALT3: 1 | ALU3: 1 | ALV3: 0 | ALW3: 0 | ALX3: 2 | ALY3: 1 | ALZ3: 0 | AMA3: 1 | AMB3: 1 | AMC3: 1 | AMD3: 0 | AME3: 1 | AMF3: 0 | AMG3: 0 | AMH3: 1 | AMI3: 2 | AMJ3: 2 | AMK3: 0 | AML3: 0 | AMM3: 1 | AMN3: 3 | AMO3: 0 | AMP3: 4 | AMQ3: 0 | AMR3: 1 | AMS3: 3 | AMT3: 0 | AMU3: 0 | AMV3: 0 | AMW3: 0 | AMX3: 1 | AMY3: 4 | AMZ3: 1 | ANA3: 0 | ANB3: 0 | ANC3: 1 | AND3: 0 | ANE3: 0 | ANF3: 1 | ANG3: 0 | ANH3: 1 | ANI3: 2 | ANJ3: 0 | ANK3: 0 | ANL3: 0 | ANM3: 1 | ANN3: 1 | ANO3: 0 | ANP3: 1 | ANQ3: 0 | ANR3: 0 | ANS3: 0 | ANT3: 0 | ANU3: 0 | ANV3: 0 | ANW3: 0 | ANX3: 1 | ANY3: 0 | ANZ3: 1 | AOA3: 0 | AOB3: 1 | AOC3: 0 | AOD3: 1 | AOE3: 0 | AOF3: 1 | AOG3: 1 | AOH3: 1 | AOI3: 0 | AOJ3: 2 | AOK3: 0 | AOL3: 2 | AOM3: 0 | AON3: 0 | AOO3: 0 | AOP3: 0 | AOQ3: 0 | AOR3: 1 | AOS3: 0 | AOT3: 0 | AOU3: 0 | AOV3: 1 | AOW3: 0 | AOX3: 1 | AOY3: 1 | AOZ3: 0 | APA3: 1 | APB3: 1 | APC3: 0 | APD3: 0 | APE3: 0 | APF3: 0 | APG3: 0 | APH3: 1 | API3: 0 | APJ3: 1 | APK3: 0 | APL3: 1 | APM3: 1 | APN3: 1 | APO3: 0 | APP3: 0 | APQ3: 1 | APR3: 1 | APS3: 0 | APT3: 0 | APU3: 0 | APV3: 0 | APW3: 0 | APX3: 0 | APY3: 0 | APZ3: 0 | AQA3: 0 | AQB3: 1 | AQC3: 1 | AQD3: 0 | AQE3: 0 | AQF3: 0 | AQG3: 0 | AQH3: 2 | AQI3: 1 | AQJ3: 0 | AQK3: 1 | AQL3: 0 | AQM3: 0 | AQN3: 0 | AQO3: 0 | AQP3: 0 | AQQ3: 0 | AQR3: 1 | AQS3: 0 | AQT3: 0 | AQU3: 1 | AQV3: 0 | AQW3: 1 | AQX3: 0 | AQY3: 1 | AQZ3: 1 | ARA3: 1 | ARB3: 0 | ARC3: 0 | ARD3: 0 | ARE3: 0 | ARF3: 1 | ARG3: 0 | ARH3: 0 | ARI3: 1 | ARJ3: 0 | ARK3: 0 | ARL3: 0 | ARM3: 0 | ARN3: 0 | ARO3: 0 | ARP3: 0 | ARQ3: 0 | ARR3: 0 | ARS3: 0 | ART3: 0 | ARU3: 2 | ARV3: 0 | ARW3: 0 | ARX3: 0 | ARY3: 0 | ARZ3: 0 | ASA3: 1 | ASB3: 0 | ASC3: 0 | ASD3: 0 | ASE3: 0 | ASF3: 0 | ASG3: 0 | ASH3: 1 | ASI3: 0 | ASJ3: 0 | ASK3: 0 | ASL3: 0 | ASM3: 0 | ASN3: 0 | ASO3: 0 | ASP3: 0 | ASQ3: 0 | ASR3: 0 | ASS3: 0 | AST3: 0 | ASU3: 0 | ASV3: 0 | ASW3: 0 | ASX3: 0 | ASY3: 0 | ASZ3: 1 | ATA3: 0
A4: 03 | B4: 804708 | C4: BAJA CALIFORNIA SUR | D4: 0 | E4: 0 | F4: 0 | G4: 0 | H4: 0 | I4: 0 | J4: 0 | K4: 0 | L4: 0 | M4: 0 | N4: 0 | O4: 0 | P4: 1 | Q4: 0 | R4: 1 | S4: 0 | T4: 0 | U4: 0 | V4: 1 | W4: 2 | X4: 0 | Y4: 0 | Z4: 1 | AA4: 0 | AB4: 0 | AC4: 1 | AD4: 1 | AE4: 2 | AF4: 0 | AG4: 0 | AH4: 1 | AI4: 1 | AJ4: 1 | AK4: 0 | AL4: 1 | AM4: 1 | AN4: 2 | AO4: 0 | AP4: 1 | AQ4: 1 | AR4: 2 | AS4: 0 | AT4: 1 | AU4: 1 | AV4: 0 | AW4: 0 | AX4: 0 | AY4: 1 | AZ4: 1 | BA4: 0 | BB4: 2 | BC4: 0 | BD4: 2 | BE4: 0 | BF4: 1 | BG4: 1 | BH4: 0 | BI4: 1 | BJ4: 1 | BK4: 0 | BL4: 1 | BM4: 1 | BN4: 1 | BO4: 0 | BP4: 1 | BQ4: 0 | BR4: 1 | BS4: 0 | BT4: 1 | BU4: 0 | BV4: 1 | BW4: 2 | BX4: 0 | BY4: 1 | BZ4: 0 | CA4: 0 | CB4: 1 | CC4: 1 | CD4: 2 | CE4: 3 | CF4: 3 | CG4: 0 | CH4: 0 | CI4: 0 | CJ4: 1 | CK4: 0 | CL4: 2 | CM4: 2 | CN4: 2 | CO4: 4 | CP4: 4 | CQ4: 1 | CR4: 1 | CS4: 1 | CT4: 1 | CU4: 2 | CV4: 0 | CW4: 1 | CX4: 1 | CY4: 1 | CZ4: 1 | DA4: 1 | DB4: 3 | DC4: 0 | DD4: 1 | DE4: 5 | DF4: 1 | DG4: 5 | DH4: 4 | DI4: 1 | DJ4: 2 | DK4: 2 | DL4: 0 | DM4: 2 | DN4: 3 | DO4: 3 | DP4: 5 | DQ4: 7 | DR4: 6 | DS4: 4 | DT4: 6 | DU4: 2 | DV4: 8 | DW4: 2 | DX4: 3 | DY4: 8 | DZ4: 4 | EA4: 5 | EB4: 5 | EC4: 7 | ED4: 5 | EE4: 10 | EF4: 6 | EG4: 8 | EH4: 9 | EI4: 13 | EJ4: 4 | EK4: 8 | EL4: 6 | EM4: 6 | EN4: 5 | EO4: 8 | EP4: 3 | EQ4: 7 | ER4: 9 | ES4: 8 | ET4: 5 | EU4: 13 | EV4: 7 | EW4: 6 | EX4: 9 | EY4: 7 | EZ4: 9 | FA4: 10 | FB4: 12 | FC4: 9 | FD4: 8 | FE4: 8 | FF4: 4 | FG4: 7 | FH4: 8 | FI4: 10 | FJ4: 4 | FK4: 4 | FL4: 5 | FM4: 8 | FN4: 4 | FO4: 10 | FP4: 6 | FQ4: 11 | FR4: 7 | FS4: 3 | FT4: 4 | FU4: 3 | FV4: 1 | FW4: 9 | FX4: 9 | FY4: 4 | FZ4: 1 | GA4: 3 | GB4: 5 | GC4: 3 | GD4: 3 | GE4: 1 | GF4: 10 | GG4: 3 | GH4: 5 | GI4: 3 | GJ4: 3 | GK4: 3 | GL4: 4 | GM4: 2 | GN4: 3 | GO4: 2 | GP4: 4 | GQ4: 4 | GR4: 5 | GS4: 2 | GT4: 2 | GU4: 0 | GV4: 3 | GW4: 5 | GX4: 4 | GY4: 2 | GZ4: 4 | HA4: 4 | HB4: 2 | HC4: 2 | HD4: 0 | HE4: 2 | HF4: 1 | HG4: 4 | HH4: 1 | HI4: 3 | HJ4: 3 | HK4: 2 | HL4: 4 | HM4: 0 | HN4: 6 | HO4: 1 | HP4: 4 | HQ4: 2 | HR4: 2 | HS4: 4 | HT4: 2 | HU4: 0 | HV4: 2 | HW4: 3 | HX4: 4 | HY4: 2 | HZ4: 3 | IA4: 3 | IB4: 3 | IC4: 2 | ID4: 1 | IE4: 2 | IF4: 2 | IG4: 1 | IH4: 6 | II4: 4 | IJ4: 1 | IK4: 4 | IL4: 1 | IM4: 3 | IN4: 3 | IO4: 1 | IP4: 1 | IQ4: 2 | IR4: 2 | IS4: 1 | IT4: 5 | IU4: 1 | IV4: 3 | IW4: 4 | IX4: 1 | IY4: 0 | IZ4: 3 | JA4: 0 | JB4: 5 | JC4: 4 | JD4: 0 | JE4: 3 | JF4: 5 | JG4: 2 | JH4: 3 | JI4: 3 | JJ4: 0 | JK4: 2 | JL4: 3 | JM4: 2 | JN4: 2 | JO4: 7 | JP4: 1 | JQ4: 2 | JR4: 2 | JS4: 1 | JT4: 2 | JU4: 6 | JV4: 1 | JW4: 8 | JX4: 3 | JY4: 3 | JZ4: 5 | KA4: 3 | KB4: 9 | KC4: 5 | KD4: 4 | KE4: 3 | KF4: 6 | KG4: 3 | KH4: 3 | KI4: 1 | KJ4: 10 | KK4: 7 | KL4: 5 | KM4: 8 | KN4: 11 | KO4: 5 | KP4: 4 | KQ4: 6 | KR4: 8 | KS4: 9 | KT4: 4 | KU4: 7 | KV4: 12 | KW4: 10 | KX4: 5 | KY4: 6 | KZ4: 13 | LA4: 11 | LB4: 7 | LC4: 16 | LD4: 5 | LE4: 10 | LF4: 7 | LG4: 10 | LH4: 4 | LI4: 6 | LJ4: 14 | LK4: 5 | LL4: 6 | LM4: 13 | LN4: 8 | LO4: 16 | LP4: 10 | LQ4: 9 | LR4: 11 | LS4: 6 | LT4: 7 | LU4: 10 | LV4: 5 | LW4: 5 | LX4: 7 | LY4: 6 | LZ4: 7 | MA4: 4 | MB4: 6 | MC4: 5 | MD4: 5 | ME4: 8 | MF4: 6 | MG4: 6 | MH4: 4 | MI4: 9 | MJ4: 2 | MK4: 4 | ML4: 3 | MM4: 3 | MN4: 3 | MO4: 8 | MP4: 4 | MQ4: 2 | MR4: 0 | MS4: 0 | MT4: 2 | MU4: 2 | MV4: 1 | MW4: 5 | MX4: 3 | MY4: 1 | MZ4: 3 | NA4: 0 | NB4: 3 | NC4: 3 | ND4: 4 | NE4: 5 | NF4: 2 | NG4: 2 | NH4: 1 | NI4: 0 | NJ4: 5 | NK4: 0 | NL4: 3 | NM4: 3 | NN4: 2 | NO4: 1 | NP4: 1 | NQ4: 2 | NR4: 2 | NS4: 0 | NT4: 0 | NU4: 2 | NV4: 4 | NW4: 1 | NX4: 6 | NY4: 4 | NZ4: 0 | OA4: 0 | OB4: 3 | OC4: 0 | OD4: 2 | OE4: 1 | OF4: 3 | OG4: 1 | OH4: 3 | OI4: 5 | OJ4: 6 | OK4: 0 | OL4: 1 | OM4: 0 | ON4: 3 | OO4: 3 | OP4: 3 | OQ4: 2 | OR4: 1 | OS4: 0 | OT4: 5 | OU4: 1 | OV4: 2 | OW4: 3 | OX4: 0 | OY4: 3 | OZ4: 2 | PA4: 2 | PB4: 0 | PC4: 3 | PD4: 0 | PE4: 1 | PF4: 0 | PG4: 3 | PH4: 3 | PI4: 3 | PJ4: 2 | PK4: 2 | PL4: 1 | PM4: 3 | PN4: 3 | PO4: 6 | PP4: 3 | PQ4: 2 | PR4: 1 | PS4: 4 | PT4: 7 | PU4: 0 | PV4: 2 | PW4: 3 | PX4: 2 | PY4: 1 | PZ4: 2 | QA4: 1 | QB4: 0 | QC4: 4 | QD4: 1 | QE4: 4 | QF4: 1 | QG4: 2 | QH4: 2 | QI4: 0 | QJ4: 0 | QK4: 4 | QL4: 2 | QM4: 6 | QN4: 4 | QO4: 2 | QP4: 6 | QQ4: 2 | QR4: 6 | QS4: 6 | QT4: 6 | QU4: 4 | QV4: 6 | QW4: 14 | QX4: 4 | QY4: 6 | QZ4: 8 | RA4: 11 | RB4: 10 | RC4: 15 | RD4: 12 | RE4: 17 | RF4: 13 | RG4: 14 | RH4: 18 | RI4: 14 | RJ4: 12 | RK4: 19 | RL4: 21 | RM4: 13 | RN4: 17 | RO4: 12 | RP4: 12 | RQ4: 17 | RR4: 12 | RS4: 17 | RT4: 10 | RU4: 14 | RV4: 15 | RW4: 12 | RX4: 13 | RY4: 15 | RZ4: 15 | SA4: 20 | SB4: 11 | SC4: 21 | SD4: 10 | SE4: 5 | SF4: 13 | SG4: 18 | SH4: 13 | SI4: 10 | SJ4: 8 | SK4: 10 | SL4: 7 | SM4: 12 | SN4: 7 | SO4: 2 | SP4: 11 | SQ4: 15 | SR4: 7 | SS4: 7 | ST4: 11 | SU4: 12 | SV4: 9 | SW4: 8 | SX4: 6 | SY4: 9 | SZ4: 4 | TA4: 9 | TB4: 5 | TC4: 6 | TD4: 3 | TE4: 4 | TF4: 4 | TG4: 5 | TH4: 7 | TI4: 6 | TJ4: 8 | TK4: 6 | TL4: 5 | TM4: 6 | TN4: 1 | TO4: 4 | TP4: 4 | TQ4: 4 | TR4: 6 | TS4: 4 | TT4: 1 | TU4: 3 | TV4: 5 | TW4: 3 | TX4: 2 | TY4: 5 | TZ4: 4 | UA4: 2 | UB4: 2 | UC4: 7 | UD4: 1 | UE4: 2 | UF4: 0 | UG4: 3 | UH4: 2 | UI4: 4 | UJ4: 2 | UK4: 3 | UL4: 2 | UM4: 2 | UN4: 2 | UO4: 1 | UP4: 1 | UQ4: 2 | UR4: 1 | US4: 0 | UT4: 1 | UU4: 0 | UV4: 4 | UW4: 4 | UX4: 3 | UY4: 1 | UZ4: 1 | VA4: 2 | VB4: 2 | VC4: 3 | VD4: 7 | VE4: 1 | VF4: 4 | VG4: 0 | VH4: 2 | VI4: 0 | VJ4: 0 | VK4: 1 | VL4: 0 | VM4: 1 | VN4: 0 | VO4: 1 | VP4: 1 | VQ4: 2 | VR4: 0 | VS4: 1 | VT4: 0 | VU4: 0 | VV4: 1 | VW4: 0 | VX4: 1 | VY4: 0 | VZ4: 0 | WA4: 1 | WB4: 0 | WC4: 0 | WD4: 0 | WE4: 2 | WF4: 0 | WG4: 0 | WH4: 0 | WI4: 1 | WJ4: 0 | WK4: 0 | WL4: 2 | WM4: 0 | WN4: 2 | WO4: 2 | WP4: 1 | WQ4: 1 | WR4: 2 | WS4: 0 | WT4: 0 | WU4: 0 | WV4: 0 | WW4: 2 | WX4: 1 | WY4: 0 | WZ4: 1 | XA4: 5 | XB4: 0 | XC4: 2 | XD4: 0 | XE4: 1 | XF4: 0 | XG4: 1 | XH4: 0 | XI4: 1 | XJ4: 0 | XK4: 1 | XL4: 1 | XM4: 0 | XN4: 3 | XO4: 0 | XP4: 0 | XQ4: 0 | XR4: 0 | XS4: 0 | XT4: 2 | XU4: 0 | XV4: 0 | XW4: 0 | XX4: 1 | XY4: 0 | XZ4: 1 | YA4: 1 | YB4: 2 | YC4: 0 | YD4: 0 | YE4: 1 | YF4: 0 | YG4: 1 | YH4: 0 | YI4: 2 | YJ4: 2 | YK4: 4 | YL4: 5 | YM4: 0 | YN4: 3 | YO4: 1 | YP4: 0 | YQ4: 2 | YR4: 1 | YS4: 4 | YT4: 9 | YU4: 9 | YV4: 6 | YW4: 4 | YX4: 4 | YY4: 6 | YZ4: 8 | ZA4: 2 | ZB4: 9 | ZC4: 5 | ZD4: 2 | ZE4: 9 | ZF4: 6 | ZG4: 5 | ZH4: 4 | ZI4: 6 | ZJ4: 8 | ZK4: 1 | ZL4: 4 | ZM4: 3 | ZN4: 5 | ZO4: 2 | ZP4: 2 | ZQ4: 6 | ZR4: 4 | ZS4: 4 | ZT4: 0 | ZU4: 8 | ZV4: 8 | ZW4: 6 | ZX4: 1 | ZY4: 2 | ZZ4: 2 | AAA4: 4 | AAB4: 4 | AAC4: 4 | AAD4: 1 | AAE4: 3 | AAF4: 4 | AAG4: 2 | AAH4: 5 | AAI4: 2 | AAJ4: 3 | AAK4: 1 | AAL4: 2 | AAM4: 1 | AAN4: 0 | AAO4: 2 | AAP4: 2 | AAQ4: 0 | AAR4: 4 | AAS4: 1 | AAT4: 1 | AAU4: 0 | AAV4: 1 | AAW4: 0 | AAX4: 0 | AAY4: 1 | AAZ4: 1 | ABA4: 0 | ABB4: 2 | ABC4: 1 | ABD4: 0 | ABE4: 1 | ABF4: 1 | ABG4: 0 | ABH4: 1 | ABI4: 0 | ABJ4: 0 | ABK4: 1 | ABL4: 1 | ABM4: 1 | ABN4: 0 | ABO4: 0 | ABP4: 0 | ABQ4: 1 | ABR4: 0 | ABS4: 1 | ABT4: 0 | ABU4: 0 | ABV4: 0 | ABW4: 1 | ABX4: 0 | ABY4: 0 | ABZ4: 1 | ACA4: 0 | ACB4: 0 | ACC4: 0 | ACD4: 0 | ACE4: 0 | ACF4: 0 | ACG4: 0 | ACH4: 0 | ACI4: 0 | ACJ4: 0 | ACK4: 0 | ACL4: 0 | ACM4: 0 | ACN4: 0 | ACO4: 0 | ACP4: 0 | ACQ4: 0 | ACR4: 0 | ACS4: 0 | ACT4: 0 | ACU4: 0 | ACV4: 1 | ACW4: 0 | ACX4: 0 | ACY4: 0 | ACZ4: 0 | ADA4: 0 | ADB4: 0 | ADC4: 1 | ADD4: 0 | ADE4: 0 | ADF4: 0 | ADG4: 0 | ADH4: 0 | ADI4: 0 | ADJ4: 0 | ADK4: 0 | ADL4: 0 | ADM4: 0 | ADN4: 0 | ADO4: 0 | ADP4: 0 | ADQ4: 0 | ADR4: 1 | ADS4: 0 | ADT4: 0 | ADU4: 1 | ADV4: 0 | ADW4: 0 | ADX4: 0 | ADY4: 1 | ADZ4: 0 | AEA4: 0 | AEB4: 0 | AEC4: 0 | AED4: 0 | AEE4: 0 | AEF4: 0 | AEG4: 0 | AEH4: 0 | AEI4: 0 | AEJ4: 0 | AEK4: 1 | AEL4: 0 | AEM4: 0 | AEN4: 1 | AEO4: 0 | AEP4: 1 | AEQ4: 3 | AER4: 0 | AES4: 0 | AET4: 0 | AEU4: 0 | AEV4: 0 | AEW4: 1 | AEX4: 0 | AEY4: 1 | AEZ4: 0 | AFA4: 1 | AFB4: 0 | AFC4: 1 | AFD4: 1 | AFE4: 0 | AFF4: 2 | AFG4: 2 | AFH4: 1 | AFI4: 0 | AFJ4: 0 | AFK4: 0 | AFL4: 3 | AFM4: 0 | AFN4: 0 | AFO4: 2 | AFP4: 2 | AFQ4: 0 | AFR4: 1 | AFS4: 1 | AFT4: 2 | AFU4: 2 | AFV4: 0 | AFW4: 2 | AFX4: 0 | AFY4: 1 | AFZ4: 1 | AGA4: 1 | AGB4: 0 | AGC4: 0 | AGD4: 1 | AGE4: 1 | AGF4: 2 | AGG4: 0 | AGH4: 1 | AGI4: 3 | AGJ4: 1 | AGK4: 1 | AGL4: 2 | AGM4: 1 | AGN4: 1 | AGO4: 1 | AGP4: 0 | AGQ4: 1 | AGR4: 1 | AGS4: 0 | AGT4: 0 | AGU4: 2 | AGV4: 2 | AGW4: 0 | AGX4: 0 | AGY4: 0 | AGZ4: 0 | AHA4: 0 | AHB4: 1 | AHC4: 2 | AHD4: 1 | AHE4: 0 | AHF4: 0 | AHG4: 1 | AHH4: 0 | AHI4: 1 | AHJ4: 0 | AHK4: 1 | AHL4: 1 | AHM4: 0 | AHN4: 1 | AHO4: 0 | AHP4: 0 | AHQ4: 1 | AHR4: 2 | AHS4: 0 | AHT4: 0 | AHU4: 0 | AHV4: 0 | AHW4: 0 | AHX4: 0 | AHY4: 0 | AHZ4: 0 | AIA4: 0 | AIB4: 0 | AIC4: 0 | AID4: 0 | AIE4: 0 | AIF4: 0 | AIG4: 0 | AIH4: 0 | AII4: 0 | AIJ4: 0 | AIK4: 0 | AIL4: 0 | AIM4: 3 | AIN4: 0 | AIO4: 0 | AIP4: 0 | AIQ4: 0 | AIR4: 1 | AIS4: 0 | AIT4: 0 | AIU4: 0 | AIV4: 0 | AIW4: 0 | AIX4: 0 | AIY4: 0 | AIZ4: 0 | AJA4: 0 | AJB4: 0 | AJC4: 0 | AJD4: 0 | AJE4: 0 | AJF4: 0 | AJG4: 0 | AJH4: 0 | AJI4: 0 | AJJ4: 0 | AJK4: 0 | AJL4: 0 | AJM4: 0 | AJN4: 0 | AJO4: 0 | AJP4: 0 | AJQ4: 0 | AJR4: 0 | AJS4: 1 | AJT4: 0 | AJU4: 0 | AJV4: 0 | AJW4: 0 | AJX4: 0 | AJY4: 0 | AJZ4: 0 | AKA4: 0 | AKB4: 0 | AKC4: 0 | AKD4: 0 | AKE4: 0 | AKF4: 0 | AKG4: 0 | AKH4: 0 | AKI4: 0 | AKJ4: 0 | AKK4: 0 | AKL4: 0 | AKM4: 0 | AKN4: 0 | AKO4: 0 | AKP4: 0 | AKQ4: 0 | AKR4: 0 | AKS4: 0 | AKT4: 0 | AKU4: 0 | AKV4: 0 | AKW4: 0 | AKX4: 0 | AKY4: 0 | AKZ4: 1 | ALA4: 0 | ALB4: 0 | ALC4: 0 | ALD4: 0 | ALE4: 0 | ALF4: 0 | ALG4: 0 | ALH4: 0 | ALI4: 0 | ALJ4: 0 | ALK4: 0 | ALL4: 0 | ALM4: 0 | ALN4: 1 | ALO4: 0 | ALP4: 0 | ALQ4: 0 | ALR4: 0 | ALS4: 0 | ALT4: 0 | ALU4: 0 | ALV4: 0 | ALW4: 0 | ALX4: 0 | ALY4: 1 | ALZ4: 0 | AMA4: 0 | AMB4: 0 | AMC4: 0 | AMD4: 0 | AME4: 0 | AMF4: 0 | AMG4: 0 | AMH4: 0 | AMI4: 0 | AMJ4: 0 | AMK4: 0 | AML4: 0 | AMM4: 0 | AMN4: 0 | AMO4: 1 | AMP4: 0 | AMQ4: 1 | AMR4: 0 | AMS4: 0 | AMT4: 0 | AMU4: 0 | AMV4: 0 | AMW4: 0 | AMX4: 0 | AMY4: 0 | AMZ4: 0 | ANA4: 0 | ANB4: 0 | ANC4: 0 | AND4: 0 | ANE4: 1 | ANF4: 0 | ANG4: 0 | ANH4: 0 | ANI4: 0 | ANJ4: 0 | ANK4: 0 | ANL4: 1 | ANM4: 0 | ANN4: 2 | ANO4: 0 | ANP4: 0 | ANQ4: 0 | ANR4: 1 | ANS4: 0 | ANT4: 0 | ANU4: 0 | ANV4: 0 | ANW4: 1 | ANX4: 0 | ANY4: 0 | ANZ4: 0 | AOA4: 0 | AOB4: 0 | AOC4: 0 | AOD4: 0 | AOE4: 1 | AOF4: 0 | AOG4: 0 | AOH4: 0 | AOI4: 0 | AOJ4: 0 | AOK4: 0 | AOL4: 0 | AOM4: 0 | AON4: 0 | AOO4: 0 | AOP4: 0 | AOQ4: 0 | AOR4: 0 | AOS4: 0 | AOT4: 0 | AOU4: 0 | AOV4: 0 | AOW4: 1 | AOX4: 0 | AOY4: 0 | AOZ4: 0 | APA4: 0 | APB4: 0 | APC4: 1 | APD4: 0 | APE4: 0 | APF4: 0 | APG4: 0 | APH4: 1 | API4: 1 | APJ4: 0 | APK4: 0 | APL4: 0 | APM4: 0 | APN4: 0 | APO4: 0 | APP4: 2 | APQ4: 0 | APR4: 1 | APS4: 0 | APT4: 0 | APU4: 0 | APV4: 0 | APW4: 0 | APX4: 0 | APY4: 0 | APZ4: 1 | AQA4: 1 | AQB4: 1 | AQC4: 0 | AQD4: 0 | AQE4: 0 | AQF4: 0 | AQG4: 0 | AQH4: 0 | AQI4: 0 | AQJ4: 0 | AQK4: 0 | AQL4: 0 | AQM4: 1 | AQN4: 1 | AQO4: 0 | AQP4: 0 | AQQ4: 1 | AQR4: 0 | AQS4: 0 | AQT4: 0 | AQU4: 0 | AQV4: 0 | AQW4: 0 | AQX4: 0 | AQY4: 0 | AQZ4: 0 | ARA4: 0 | ARB4: 0 | ARC4: 0 | ARD4: 0 | ARE4: 0 | ARF4: 0 | ARG4: 0 | ARH4: 0 | ARI4: 0 | ARJ4: 0 | ARK4: 0 | ARL4: 0 | ARM4: 0 | ARN4: 0 | ARO4: 0 | ARP4: 0 | ARQ4: 0 | ARR4: 0 | ARS4: 0 | ART4: 0 | ARU4: 0 | ARV4: 0 | ARW4: 0 | ARX4: 0 | ARY4: 0 | ARZ4: 0 | ASA4: 0 | ASB4: 0 | ASC4: 0 | ASD4: 0 | ASE4: 0 | ASF4: 0 | ASG4: 0 | ASH4: 0 | ASI4: 0 | ASJ4: 0 | ASK4: 0 | ASL4: 0 | ASM4: 0 | ASN4: 0 | ASO4: 0 | ASP4: 0 | ASQ4: 0 | ASR4: 0 | ASS4: 0 | AST4: 0 | ASU4: 0 | ASV4: 0 | ASW4: 0 | ASX4: 0 | ASY4: 0 | ASZ4: 0 | ATA4: 0
A5: 04 | B5: 1000617 | C5: CAMPECHE | D5: 0 | E5: 0 | F5: 0 | G5: 0 | H5: 0 | I5: 0 | J5: 0 | K5: 0 | L5: 0 | M5: 0 | N5: 0 | O5: 0 | P5: 0 | Q5: 0 | R5: 0 | S5: 0 | T5: 0 | U5: 0 | V5: 0 | W5: 0 | X5: 1 | Y5: 0 | Z5: 0 | AA5: 0 | AB5: 1 | AC5: 0 | AD5: 0 | AE5: 0 | AF5: 1 | AG5: 0 | AH5: 0 | AI5: 1 | AJ5: 0 | AK5: 2 | AL5: 0 | AM5: 1 | AN5: 2 | AO5: 2 | AP5: 2 | AQ5: 2 | AR5: 1 | AS5: 1 | AT5: 0 | AU5: 3 | AV5: 0 | AW5: 2 | AX5: 2 | AY5: 1 | AZ5: 0 | BA5: 1 | BB5: 1 | BC5: 1 | BD5: 1 | BE5: 3 | BF5: 1 | BG5: 3 | BH5: 2 | BI5: 1 | BJ5: 4 | BK5: 5 | BL5: 3 | BM5: 2 | BN5: 2 | BO5: 2 | BP5: 4 | BQ5: 1 | BR5: 1 | BS5: 1 | BT5: 5 | BU5: 3 | BV5: 5 | BW5: 1 | BX5: 4 | BY5: 3 | BZ5: 2 | CA5: 1 | CB5: 2 | CC5: 4 | CD5: 3 | CE5: 3 | CF5: 3 | CG5: 3 | CH5: 8 | CI5: 9 | CJ5: 3 | CK5: 2 | CL5: 2 | CM5: 6 | CN5: 7 | CO5: 5 | CP5: 6 | CQ5: 4 | CR5: 9 | CS5: 5 | CT5: 5 | CU5: 10 | CV5: 4 | CW5: 5 | CX5: 11 | CY5: 9 | CZ5: 7 | DA5: 12 | DB5: 19 | DC5: 15 | DD5: 13 | DE5: 10 | DF5: 14 | DG5: 14 | DH5: 16 | DI5: 10 | DJ5: 8 | DK5: 14 | DL5: 20 | DM5: 14 | DN5: 18 | DO5: 21 | DP5: 14 | DQ5: 14 | DR5: 15 | DS5: 13 | DT5: 14 | DU5: 19 | DV5: 16 | DW5: 13 | DX5: 21 | DY5: 11 | DZ5: 17 | EA5: 13 | EB5: 10 | EC5: 13 | ED5: 12 | EE5: 18 | EF5: 14 | EG5: 10 | EH5: 13 | EI5: 6 | EJ5: 11 | EK5: 15 | EL5: 15 | EM5: 19 | EN5: 7 | EO5: 9 | EP5: 12 | EQ5: 4 | ER5: 8 | ES5: 9 | ET5: 5 | EU5: 9 | EV5: 5 | EW5: 7 | EX5: 9 | EY5: 10 | EZ5: 3 | FA5: 7 | FB5: 4 | FC5: 5 | FD5: 1 | FE5: 4 | FF5: 4 | FG5: 5 | FH5: 2 | FI5: 3 | FJ5: 4 | FK5: 1 | FL5: 0 | FM5: 2 | FN5: 12 | FO5: 3 | FP5: 4 | FQ5: 3 | FR5: 3 | FS5: 3 | FT5: 2 | FU5: 1 | FV5: 1 | FW5: 2 | FX5: 0 | FY5: 1 | FZ5: 2 | GA5: 2 | GB5: 1 | GC5: 2 | GD5: 4 | GE5: 1 | GF5: 4 | GG5: 3 | GH5: 1 | GI5: 2 | GJ5: 4 | GK5: 2 | GL5: 3 | GM5: 0 | GN5: 1 | GO5: 1 | GP5: 1 | GQ5: 2 | GR5: 2 | GS5: 0 | GT5: 0 | GU5: 1 | GV5: 0 | GW5: 1 | GX5: 1 | GY5: 1 | GZ5: 0 | HA5: 1 | HB5: 0 | HC5: 0 | HD5: 0 | HE5: 0 | HF5: 1 | HG5: 0 | HH5: 2 | HI5: 0 | HJ5: 0 | HK5: 1 | HL5: 1 | HM5: 1 | HN5: 3 | HO5: 1 | HP5: 0 | HQ5: 0 | HR5: 1 | HS5: 0 | HT5: 0 | HU5: 2 | HV5: 0 | HW5: 1 | HX5: 0 | HY5: 0 | HZ5: 0 | IA5: 0 | IB5: 1 | IC5: 0 | ID5: 0 | IE5: 0 | IF5: 1 | IG5: 2 | IH5: 1 | II5: 0 | IJ5: 0 | IK5: 1 | IL5: 0 | IM5: 0 | IN5: 0 | IO5: 1 | IP5: 0 | IQ5: 0 | IR5: 0 | IS5: 0 | IT5: 2 | IU5: 3 | IV5: 2 | IW5: 0 | IX5: 0 | IY5: 0 | IZ5: 0 | JA5: 1 | JB5: 1 | JC5: 0 | JD5: 0 | JE5: 0 | JF5: 1 | JG5: 1 | JH5: 1 | JI5: 1 | JJ5: 0 | JK5: 0 | JL5: 0 | JM5: 0 | JN5: 1 | JO5: 0 | JP5: 1 | JQ5: 0 | JR5: 1 | JS5: 1 | JT5: 3 | JU5: 2 | JV5: 0 | JW5: 2 | JX5: 1 | JY5: 1 | JZ5: 0 | KA5: 0 | KB5: 1 | KC5: 1 | KD5: 1 | KE5: 2 | KF5: 3 | KG5: 0 | KH5: 0 | KI5: 0 | KJ5: 1 | KK5: 0 | KL5: 3 | KM5: 1 | KN5: 1 | KO5: 1 | KP5: 0 | KQ5: 4 | KR5: 1 | KS5: 0 | KT5: 3 | KU5: 3 | KV5: 2 | KW5: 3 | KX5: 3 | KY5: 4 | KZ5: 2 | LA5: 0 | LB5: 3 | LC5: 1 | LD5: 3 | LE5: 2 | LF5: 0 | LG5: 1 | LH5: 2 | LI5: 2 | LJ5: 4 | LK5: 2 | LL5: 2 | LM5: 1 | LN5: 2 | LO5: 1 | LP5: 4 | LQ5: 1 | LR5: 4 | LS5: 3 | LT5: 0 | LU5: 3 | LV5: 5 | LW5: 5 | LX5: 0 | LY5: 2 | LZ5: 1 | MA5: 1 | MB5: 4 | MC5: 2 | MD5: 4 | ME5: 4 | MF5: 2 | MG5: 0 | MH5: 2 | MI5: 0 | MJ5: 1 | MK5: 2 | ML5: 2 | MM5: 2 | MN5: 2 | MO5: 1 | MP5: 2 | MQ5: 2 | MR5: 0 | MS5: 0 | MT5: 1 | MU5: 3 | MV5: 3 | MW5: 3 | MX5: 3 | MY5: 3 | MZ5: 1 | NA5: 2 | NB5: 0 | NC5: 2 | ND5: 3 | NE5: 0 | NF5: 2 | NG5: 1 | NH5: 1 | NI5: 1 | NJ5: 2 | NK5: 2 | NL5: 1 | NM5: 1 | NN5: 2 | NO5: 1 | NP5: 0 | NQ5: 1 | NR5: 1 | NS5: 1 | NT5: 2 | NU5: 1 | NV5: 1 | NW5: 0 | NX5: 2 | NY5: 2 | NZ5: 1 | OA5: 2 | OB5: 3 | OC5: 1 | OD5: 2 | OE5: 0 | OF5: 2 | OG5: 2 | OH5: 1 | OI5: 2 | OJ5: 0 | OK5: 0 | OL5: 5 | OM5: 0 | ON5: 1 | OO5: 2 | OP5: 0 | OQ5: 0 | OR5: 0 | OS5: 1 | OT5: 0 | OU5: 0 | OV5: 2 | OW5: 0 | OX5: 1 | OY5: 1 | OZ5: 3 | PA5: 0 | PB5: 1 | PC5: 0 | PD5: 0 | PE5: 2 | PF5: 3 | PG5: 1 | PH5: 1 | PI5: 0 | PJ5: 2 | PK5: 0 | PL5: 1 | PM5: 2 | PN5: 2 | PO5: 1 | PP5: 1 | PQ5: 0 | PR5: 1 | PS5: 0 | PT5: 1 | PU5: 1 | PV5: 0 | PW5: 2 | PX5: 0 | PY5: 0 | PZ5: 0 | QA5: 0 | QB5: 2 | QC5: 2 | QD5: 0 | QE5: 0 | QF5: 0 | QG5: 2 | QH5: 4 | QI5: 3 | QJ5: 0 | QK5: 3 | QL5: 4 | QM5: 0 | QN5: 0 | QO5: 4 | QP5: 3 | QQ5: 0 | QR5: 2 | QS5: 3 | QT5: 4 | QU5: 3 | QV5: 5 | QW5: 5 | QX5: 3 | QY5: 5 | QZ5: 1 | RA5: 5 | RB5: 4 | RC5: 8 | RD5: 6 | RE5: 4 | RF5: 3 | RG5: 4 | RH5: 1 | RI5: 4 | RJ5: 8 | RK5: 3 | RL5: 7 | RM5: 5 | RN5: 3 | RO5: 5 | RP5: 5 | RQ5: 7 | RR5: 5 | RS5: 3 | RT5: 2 | RU5: 2 | RV5: 13 | RW5: 4 | RX5: 7 | RY5: 1 | RZ5: 5 | SA5: 4 | SB5: 5 | SC5: 3 | SD5: 4 | SE5: 5 | SF5: 3 | SG5: 5 | SH5: 7 | SI5: 6 | SJ5: 8 | SK5: 8 | SL5: 4 | SM5: 5 | SN5: 5 | SO5: 2 | SP5: 10 | SQ5: 6 | SR5: 10 | SS5: 8 | ST5: 11 | SU5: 5 | SV5: 5 | SW5: 8 | SX5: 8 | SY5: 11 | SZ5: 4 | TA5: 5 | TB5: 9 | TC5: 8 | TD5: 4 | TE5: 5 | TF5: 15 | TG5: 2 | TH5: 14 | TI5: 11 | TJ5: 8 | TK5: 15 | TL5: 7 | TM5: 11 | TN5: 9 | TO5: 6 | TP5: 7 | TQ5: 12 | TR5: 9 | TS5: 11 | TT5: 12 | TU5: 11 | TV5: 2 | TW5: 13 | TX5: 9 | TY5: 13 | TZ5: 7 | UA5: 10 | UB5: 10 | UC5: 4 | UD5: 9 | UE5: 11 | UF5: 13 | UG5: 2 | UH5: 9 | UI5: 11 | UJ5: 6 | UK5: 8 | UL5: 3 | UM5: 10 | UN5: 6 | UO5: 8 | UP5: 8 | UQ5: 3 | UR5: 4 | US5: 6 | UT5: 4 | UU5: 5 | UV5: 5 | UW5: 5 | UX5: 8 | UY5: 5 | UZ5: 2 | VA5: 6 | VB5: 7 | VC5: 4 | VD5: 4 | VE5: 4 | VF5: 0 | VG5: 4 | VH5: 1 | VI5: 6 | VJ5: 4 | VK5: 6 | VL5: 2 | VM5: 5 | VN5: 0 | VO5: 2 | VP5: 2 | VQ5: 0 | VR5: 4 | VS5: 3 | VT5: 2 | VU5: 2 | VV5: 2 | VW5: 0 | VX5: 2 | VY5: 2 | VZ5: 2 | WA5: 3 | WB5: 1 | WC5: 0 | WD5: 3 | WE5: 0 | WF5: 0 | WG5: 1 | WH5: 0 | WI5: 1 | WJ5: 2 | WK5: 1 | WL5: 1 | WM5: 0 | WN5: 0 | WO5: 1 | WP5: 1 | WQ5: 0 | WR5: 1 | WS5: 1 | WT5: 0 | WU5: 1 | WV5: 0 | WW5: 1 | WX5: 1 | WY5: 0 | WZ5: 0 | XA5: 0 | XB5: 1 | XC5: 2 | XD5: 1 | XE5: 1 | XF5: 1 | XG5: 0 | XH5: 0 | XI5: 1 | XJ5: 1 | XK5: 1 | XL5: 0 | XM5: 1 | XN5: 0 | XO5: 0 | XP5: 0 | XQ5: 0 | XR5: 0 | XS5: 0 | XT5: 1 | XU5: 0 | XV5: 0 | XW5: 0 | XX5: 1 | XY5: 0 | XZ5: 0 | YA5: 0 | YB5: 0 | YC5: 0 | YD5: 0 | YE5: 0 | YF5: 0 | YG5: 0 | YH5: 0 | YI5: 1 | YJ5: 0 | YK5: 1 | YL5: 0 | YM5: 0 | YN5: 0 | YO5: 0 | YP5: 0 | YQ5: 0 | YR5: 0 | YS5: 0 | YT5: 0 | YU5: 1 | YV5: 0 | YW5: 1 | YX5: 1 | YY5: 2 | YZ5: 0 | ZA5: 0 | ZB5: 1 | ZC5: 2 | ZD5: 0 | ZE5: 2 | ZF5: 0 | ZG5: 4 | ZH5: 3 | ZI5: 1 | ZJ5: 3 | ZK5: 3 | ZL5: 3 | ZM5: 2 | ZN5: 2 | ZO5: 3 | ZP5: 1 | ZQ5: 1 | ZR5: 4 | ZS5: 5 | ZT5: 8 | ZU5: 4 | ZV5: 3 | ZW5: 5 | ZX5: 2 | ZY5: 4 | ZZ5: 2 | AAA5: 0 | AAB5: 2 | AAC5: 4 | AAD5: 0 | AAE5: 4 | AAF5: 2 | AAG5: 2 | AAH5: 2 | AAI5: 4 | AAJ5: 1 | AAK5: 1 | AAL5: 1 | AAM5: 1 | AAN5: 1 | AAO5: 0 | AAP5: 1 | AAQ5: 0 | AAR5: 1 | AAS5: 1 | AAT5: 0 | AAU5: 1 | AAV5: 0 | AAW5: 1 | AAX5: 0 | AAY5: 0 | AAZ5: 2 | ABA5: 1 | ABB5: 1 | ABC5: 0 | ABD5: 0 | ABE5: 0 | ABF5: 0 | ABG5: 1 | ABH5: 0 | ABI5: 0 | ABJ5: 0 | ABK5: 0 | ABL5: 0 | ABM5: 0 | ABN5: 0 | ABO5: 0 | ABP5: 0 | ABQ5: 0 | ABR5: 0 | ABS5: 0 | ABT5: 0 | ABU5: 1 | ABV5: 0 | ABW5: 0 | ABX5: 1 | ABY5: 0 | ABZ5: 0 | ACA5: 1 | ACB5: 0 | ACC5: 0 | ACD5: 0 | ACE5: 0 | ACF5: 0 | ACG5: 0 | ACH5: 0 | ACI5: 0 | ACJ5: 1 | ACK5: 0 | ACL5: 0 | ACM5: 0 | ACN5: 0 | ACO5: 0 | ACP5: 0 | ACQ5: 0 | ACR5: 0 | ACS5: 0 | ACT5: 0 | ACU5: 0 | ACV5: 0 | ACW5: 0 | ACX5: 0 | ACY5: 0 | ACZ5: 0 | ADA5: 0 | ADB5: 0 | ADC5: 0 | ADD5: 0 | ADE5: 0 | ADF5: 0 | ADG5: 0 | ADH5: 0 | ADI5: 0 | ADJ5: 0 | ADK5: 0 | ADL5: 0 | ADM5: 0 | ADN5: 0 | ADO5: 0 | ADP5: 0 | ADQ5: 0 | ADR5: 0 | ADS5: 0 | ADT5: 1 | ADU5: 0 | ADV5: 0 | ADW5: 0 | ADX5: 0 | ADY5: 0 | ADZ5: 1 | AEA5: 0 | AEB5: 0 | AEC5: 0 | AED5: 0 | AEE5: 0 | AEF5: 0 | AEG5: 0 | AEH5: 0 | AEI5: 0 | AEJ5: 0 | AEK5: 0 | AEL5: 0 | AEM5: 0 | AEN5: 0 | AEO5: 0 | AEP5: 0 | AEQ5: 0 | AER5: 0 | AES5: 0 | AET5: 0 | AEU5: 0 | AEV5: 0 | AEW5: 1 | AEX5: 0 | AEY5: 2 | AEZ5: 0 | AFA5: 1 | AFB5: 0 | AFC5: 0 | AFD5: 0 | AFE5: 0 | AFF5: 0 | AFG5: 0 | AFH5: 0 | AFI5: 1 | AFJ5: 0 | AFK5: 0 | AFL5: 0 | AFM5: 1 | AFN5: 1 | AFO5: 0 | AFP5: 0 | AFQ5: 1 | AFR5: 0 | AFS5: 0 | AFT5: 2 | AFU5: 2 | AFV5: 1 | AFW5: 1 | AFX5: 1 | AFY5: 1 | AFZ5: 1 | AGA5: 3 | AGB5: 1 | AGC5: 1 | AGD5: 1 | AGE5: 1 | AGF5: 1 | AGG5: 0 | AGH5: 0 | AGI5: 0 | AGJ5: 0 | AGK5: 0 | AGL5: 0 | AGM5: 1 | AGN5: 1 | AGO5: 0 | AGP5: 1 | AGQ5: 0 | AGR5: 0 | AGS5: 0 | AGT5: 1 | AGU5: 0 | AGV5: 0 | AGW5: 0 | AGX5: 0 | AGY5: 0 | AGZ5: 1 | AHA5: 0 | AHB5: 1 | AHC5: 0 | AHD5: 0 | AHE5: 0 | AHF5: 0 | AHG5: 0 | AHH5: 1 | AHI5: 0 | AHJ5: 0 | AHK5: 0 | AHL5: 0 | AHM5: 1 | AHN5: 0 | AHO5: 0 | AHP5: 2 | AHQ5: 0 | AHR5: 1 | AHS5: 0 | AHT5: 0 | AHU5: 0 | AHV5: 0 | AHW5: 0 | AHX5: 0 | AHY5: 0 | AHZ5: 0 | AIA5: 0 | AIB5: 0 | AIC5: 0 | AID5: 0 | AIE5: 0 | AIF5: 0 | AIG5: 0 | AIH5: 0 | AII5: 0 | AIJ5: 0 | AIK5: 0 | AIL5: 0 | AIM5: 0 | AIN5: 0 | AIO5: 0 | AIP5: 0 | AIQ5: 0 | AIR5: 0 | AIS5: 0 | AIT5: 0 | AIU5: 0 | AIV5: 0 | AIW5: 0 | AIX5: 0 | AIY5: 0 | AIZ5: 0 | AJA5: 0 | AJB5: 0 | AJC5: 0 | AJD5: 0 | AJE5: 0 | AJF5: 0 | AJG5: 0 | AJH5: 0 | AJI5: 0 | AJJ5: 0 | AJK5: 0 | AJL5: 0 | AJM5: 0 | AJN5: 0 | AJO5: 0 | AJP5: 0 | AJQ5: 1 | AJR5: 0 | AJS5: 0 | AJT5: 1 | AJU5: 0 | AJV5: 0 | AJW5: 0 | AJX5: 0 | AJY5: 0 | AJZ5: 0 | AKA5: 0 | AKB5: 0 | AKC5: 0 | AKD5: 0 | AKE5: 0 | AKF5: 0 | AKG5: 0 | AKH5: 0 | AKI5: 0 | AKJ5: 0 | AKK5: 0 | AKL5: 0 | AKM5: 0 | AKN5: 0 | AKO5: 0 | AKP5: 0 | AKQ5: 0 | AKR5: 0 | AKS5: 0 | AKT5: 0 | AKU5: 0 | AKV5: 0 | AKW5: 0 | AKX5: 0 | AKY5: 0 | AKZ5: 0 | ALA5: 0 | ALB5: 0 | ALC5: 0 | ALD5: 0 | ALE5: 0 | ALF5: 0 | ALG5: 1 | ALH5: 0 | ALI5: 0 | ALJ5: 0 | ALK5: 0 | ALL5: 0 | ALM5: 0 | ALN5: 0 | ALO5: 0 | ALP5: 0 | ALQ5: 2 | ALR5: 0 | ALS5: 0 | ALT5: 0 | ALU5: 2 | ALV5: 0 | ALW5: 0 | ALX5: 0 | ALY5: 0 | ALZ5: 1 | AMA5: 0 | AMB5: 0 | AMC5: 0 | AMD5: 0 | AME5: 0 | AMF5: 1 | AMG5: 0 | AMH5: 1 | AMI5: 0 | AMJ5: 0 | AMK5: 0 | AML5: 0 | AMM5: 0 | AMN5: 0 | AMO5: 0 | AMP5: 0 | AMQ5: 0 | AMR5: 0 | AMS5: 0 | AMT5: 0 | AMU5: 0 | AMV5: 0 | AMW5: 0 | AMX5: 0 | AMY5: 1 | AMZ5: 0 | ANA5: 0 | ANB5: 0 | ANC5: 1 | AND5: 1 | ANE5: 0 | ANF5: 0 | ANG5: 1 | ANH5: 1 | ANI5: 0 | ANJ5: 0 | ANK5: 0 | ANL5: 0 | ANM5: 0 | ANN5: 0 | ANO5: 0 | ANP5: 0 | ANQ5: 0 | ANR5: 0 | ANS5: 0 | ANT5: 0 | ANU5: 0 | ANV5: 0 | ANW5: 0 | ANX5: 0 | ANY5: 0 | ANZ5: 0 | AOA5: 0 | AOB5: 0 | AOC5: 0 | AOD5: 0 | AOE5: 0 | AOF5: 0 | AOG5: 0 | AOH5: 0 | AOI5: 0 | AOJ5: 0 | AOK5: 0 | AOL5: 0 | AOM5: 0 | AON5: 0 | AOO5: 0 | AOP5: 0 | AOQ5: 0 | AOR5: 0 | AOS5: 0 | AOT5: 0 | AOU5: 0 | AOV5: 0 | AOW5: 0 | AOX5: 0 | AOY5: 0 | AOZ5: 0 | APA5: 0 | APB5: 0 | APC5: 0 | APD5: 0 | APE5: 0 | APF5: 0 | APG5: 0 | APH5: 0 | API5: 0 | APJ5: 0 | APK5: 0 | APL5: 0 | APM5: 0 | APN5: 0 | APO5: 0 | APP5: 0 | APQ5: 0 | APR5: 0 | APS5: 0 | APT5: 0 | APU5: 0 | APV5: 0 | APW5: 0 | APX5: 0 | APY5: 0 | APZ5: 0 | AQA5: 0 | AQB5: 0 | AQC5: 0 | AQD5: 0 | AQE5: 0 | AQF5: 0 | AQG5: 0 | AQH5: 0 | AQI5: 0 | AQJ5: 0 | AQK5: 0 | AQL5: 0 | AQM5: 0 | AQN5: 0 | AQO5: 0 | AQP5: 0 | AQQ5: 0 | AQR5: 0 | AQS5: 0 | AQT5: 0 | AQU5: 0 | AQV5: 0 | AQW5: 0 | AQX5: 0 | AQY5: 0 | AQZ5: 0 | ARA5: 0 | ARB5: 0 | ARC5: 0 | ARD5: 0 | ARE5: 0 | ARF5: 0 | ARG5: 0 | ARH5: 1 | ARI5: 0 | ARJ5: 0 | ARK5: 1 | ARL5: 0 | ARM5: 0 | ARN5: 0 | ARO5: 0 | ARP5: 0 | ARQ5: 0 | ARR5: 0 | ARS5: 0 | ART5: 0 | ARU5: 0 | ARV5: 0 | ARW5: 0 | ARX5: 0 | ARY5: 0 | ARZ5: 1 | ASA5: 0 | ASB5: 0 | ASC5: 0 | ASD5: 0 | ASE5: 0 | ASF5: 0 | ASG5: 0 | ASH5: 0 | ASI5: 0 | ASJ5: 0 | ASK5: 0 | ASL5: 0 | ASM5: 1 | ASN5: 0 | ASO5: 0 | ASP5: 0 | ASQ5: 1 | ASR5: 0 | ASS5: 0 | AST5: 0 | ASU5: 0 | ASV5: 0 | ASW5: 0 | ASX5: 0 | ASY5: 0 | ASZ5: 0 | ATA5: 0
A6: 07 | B6: 5730367 | C6: CHIAPAS | D6: 0 | E6: 0 | F6: 0 | G6: 0 | H6: 0 | I6: 0 | J6: 0 | K6: 0 | L6: 0 | M6: 0 | N6: 0 | O6: 0 | P6: 0 | Q6: 0 | R6: 0 | S6: 0 | T6: 0 | U6: 0 | V6: 0 | W6: 0 | X6: 1 | Y6: 0 | Z6: 0 | AA6: 1 | AB6: 0 | AC6: 1 | AD6: 0 | AE6: 1 | AF6: 0 | AG6: 0 | AH6: 0 | AI6: 0 | AJ6: 0 | AK6: 1 | AL6: 0 | AM6: 0 | AN6: 2 | AO6: 1 | AP6: 0 | AQ6: 0 | AR6: 0 | AS6: 1 | AT6: 1 | AU6: 1 | AV6: 1 | AW6: 1 | AX6: 4 | AY6: 0 | AZ6: 1 | BA6: 3 | BB6: 1 | BC6: 1 | BD6: 3 | BE6: 4 | BF6: 7 | BG6: 5 | BH6: 5 | BI6: 5 | BJ6: 3 | BK6: 2 | BL6: 3 | BM6: 6 | BN6: 5 | BO6: 12 | BP6: 7 | BQ6: 2 | BR6: 12 | BS6: 8 | BT6: 11 | BU6: 13 | BV6: 4 | BW6: 12 | BX6: 14 | BY6: 14 | BZ6: 15 | CA6: 11 | CB6: 15 | CC6: 27 | CD6: 25 | CE6: 20 | CF6: 24 | CG6: 11 | CH6: 26 | CI6: 29 | CJ6: 29 | CK6: 17 | CL6: 16 | CM6: 27 | CN6: 18 | CO6: 15 | CP6: 17 | CQ6: 24 | CR6: 16 | CS6: 18 | CT6: 12 | CU6: 19 | CV6: 14 | CW6: 19 | CX6: 21 | CY6: 25 | CZ6: 13 | DA6: 17 | DB6: 14 | DC6: 30 | DD6: 11 | DE6: 19 | DF6: 16 | DG6: 8 | DH6: 16 | DI6: 16 | DJ6: 20 | DK6: 10 | DL6: 18 | DM6: 13 | DN6: 15 | DO6: 16 | DP6: 15 | DQ6: 16 | DR6: 14 | DS6: 18 | DT6: 12 | DU6: 12 | DV6: 12 | DW6: 8 | DX6: 3 | DY6: 13 | DZ6: 11 | EA6: 6 | EB6: 3 | EC6: 8 | ED6: 6 | EE6: 4 | EF6: 9 | EG6: 3 | EH6: 9 | EI6: 5 | EJ6: 6 | EK6: 10 | EL6: 4 | EM6: 10 | EN6: 6 | EO6: 6 | EP6: 2 | EQ6: 2 | ER6: 3 | ES6: 6 | ET6: 4 | EU6: 3 | EV6: 7 | EW6: 6 | EX6: 1 | EY6: 2 | EZ6: 2 | FA6: 2 | FB6: 3 | FC6: 4 | FD6: 3 | FE6: 2 | FF6: 1 | FG6: 1 | FH6: 0 | FI6: 3 | FJ6: 3 | FK6: 3 | FL6: 0 | FM6: 2 | FN6: 1 | FO6: 0 | FP6: 2 | FQ6: 0 | FR6: 3 | FS6: 2 | FT6: 3 | FU6: 0 | FV6: 0 | FW6: 0 | FX6: 1 | FY6: 0 | FZ6: 0 | GA6: 3 | GB6: 0 | GC6: 1 | GD6: 1 | GE6: 1 | GF6: 2 | GG6: 0 | GH6: 0 | GI6: 2 | GJ6: 0 | GK6: 0 | GL6: 0 | GM6: 0 | GN6: 2 | GO6: 3 | GP6: 1 | GQ6: 0 | GR6: 0 | GS6: 0 | GT6: 0 | GU6: 0 | GV6: 0 | GW6: 1 | GX6: 2 | GY6: 3 | GZ6: 0 | HA6: 1 | HB6: 0 | HC6: 0 | HD6: 1 | HE6: 1 | HF6: 0 | HG6: 0 | HH6: 2 | HI6: 0 | HJ6: 1 | HK6: 1 | HL6: 0 | HM6: 0 | HN6: 1 | HO6: 0 | HP6: 0 | HQ6: 0 | HR6: 0 | HS6: 0 | HT6: 2 | HU6: 0 | HV6: 0 | HW6: 0 | HX6: 0 | HY6: 0 | HZ6: 0 | IA6: 2 | IB6: 1 | IC6: 0 | ID6: 0 | IE6: 2 | IF6: 0 | IG6: 0 | IH6: 0 | II6: 0 | IJ6: 0 | IK6: 2 | IL6: 0 | IM6: 0 | IN6: 0 | IO6: 1 | IP6: 0 | IQ6: 0 | IR6: 0 | IS6: 0 | IT6: 1 | IU6: 0 | IV6: 1 | IW6: 2 | IX6: 0 | IY6: 0 | IZ6: 0 | JA6: 0 | JB6: 0 | JC6: 0 | JD6: 0 | JE6: 0 | JF6: 0 | JG6: 0 | JH6: 1 | JI6: 0 | JJ6: 2 | JK6: 0 | JL6: 0 | JM6: 1 | JN6: 1 | JO6: 1 | JP6: 3 | JQ6: 2 | JR6: 3 | JS6: 3 | JT6: 1 | JU6: 0 | JV6: 0 | JW6: 3 | JX6: 0 | JY6: 1 | JZ6: 0 | KA6: 1 | KB6: 0 | KC6: 1 | KD6: 3 | KE6: 2 | KF6: 4 | KG6: 4 | KH6: 4 | KI6: 4 | KJ6: 2 | KK6: 3 | KL6: 1 | KM6: 2 | KN6: 10 | KO6: 7 | KP6: 3 | KQ6: 3 | KR6: 2 | KS6: 7 | KT6: 3 | KU6: 7 | KV6: 3 | KW6: 3 | KX6: 4 | KY6: 9 | KZ6: 12 | LA6: 6 | LB6: 7 | LC6: 4 | LD6: 6 | LE6: 8 | LF6: 4 | LG6: 13 | LH6: 8 | LI6: 7 | LJ6: 7 | LK6: 4 | LL6: 4 | LM6: 5 | LN6: 2 | LO6: 6 | LP6: 3 | LQ6: 1 | LR6: 2 | LS6: 3 | LT6: 5 | LU6: 0 | LV6: 2 | LW6: 1 | LX6: 2 | LY6: 5 | LZ6: 2 | MA6: 3 | MB6: 3 | MC6: 1 | MD6: 1 | ME6: 4 | MF6: 1 | MG6: 2 | MH6: 1 | MI6: 2 | MJ6: 0 | MK6: 1 | ML6: 0 | MM6: 2 | MN6: 3 | MO6: 2 | MP6: 3 | MQ6: 1 | MR6: 2 | MS6: 2 | MT6: 1 | MU6: 0 | MV6: 1 | MW6: 2 | MX6: 2 | MY6: 1 | MZ6: 3 | NA6: 1 | NB6: 0 | NC6: 2 | ND6: 2 | NE6: 2 | NF6: 0 | NG6: 1 | NH6: 0 | NI6: 2 | NJ6: 3 | NK6: 2 | NL6: 0 | NM6: 2 | NN6: 3 | NO6: 0 | NP6: 1 | NQ6: 1 | NR6: 2 | NS6: 0 | NT6: 1 | NU6: 2 | NV6: 1 | NW6: 1 | NX6: 2 | NY6: 1 | NZ6: 1 | OA6: 1 | OB6: 6 | OC6: 1 | OD6: 2 | OE6: 1 | OF6: 2 | OG6: 0 | OH6: 1 | OI6: 0 | OJ6: 1 | OK6: 0 | OL6: 1 | OM6: 1 | ON6: 1 | OO6: 0 | OP6: 2 | OQ6: 1 | OR6: 0 | OS6: 2 | OT6: 0 | OU6: 0 | OV6: 0 | OW6: 0 | OX6: 0 | OY6: 0 | OZ6: 1 | PA6: 5 | PB6: 3 | PC6: 1 | PD6: 1 | PE6: 1 | PF6: 2 | PG6: 1 | PH6: 0 | PI6: 0 | PJ6: 0 | PK6: 1 | PL6: 3 | PM6: 1 | PN6: 0 | PO6: 1 | PP6: 2 | PQ6: 1 | PR6: 1 | PS6: 0 | PT6: 0 | PU6: 2 | PV6: 1 | PW6: 0 | PX6: 0 | PY6: 1 | PZ6: 0 | QA6: 0 | QB6: 1 | QC6: 0 | QD6: 1 | QE6: 0 | QF6: 0 | QG6: 0 | QH6: 0 | QI6: 0 | QJ6: 0 | QK6: 0 | QL6: 0 | QM6: 0 | QN6: 0 | QO6: 1 | QP6: 1 | QQ6: 1 | QR6: 2 | QS6: 1 | QT6: 2 | QU6: 0 | QV6: 1 | QW6: 5 | QX6: 0 | QY6: 1 | QZ6: 2 | RA6: 0 | RB6: 0 | RC6: 0 | RD6: 2 | RE6: 0 | RF6: 3 | RG6: 3 | RH6: 1 | RI6: 1 | RJ6: 2 | RK6: 3 | RL6: 3 | RM6: 2 | RN6: 1 | RO6: 0 | RP6: 1 | RQ6: 2 | RR6: 4 | RS6: 3 | RT6: 1 | RU6: 3 | RV6: 3 | RW6: 0 | RX6: 4 | RY6: 2 | RZ6: 1 | SA6: 4 | SB6: 5 | SC6: 4 | SD6: 6 | SE6: 5 | SF6: 6 | SG6: 0 | SH6: 5 | SI6: 5 | SJ6: 8 | SK6: 9 | SL6: 7 | SM6: 14 | SN6: 11 | SO6: 11 | SP6: 8 | SQ6: 6 | SR6: 6 | SS6: 3 | ST6: 3 | SU6: 8 | SV6: 3 | SW6: 6 | SX6: 10 | SY6: 9 | SZ6: 12 | TA6: 9 | TB6: 12 | TC6: 17 | TD6: 12 | TE6: 11 | TF6: 8 | TG6: 12 | TH6: 12 | TI6: 9 | TJ6: 9 | TK6: 6 | TL6: 6 | TM6: 9 | TN6: 5 | TO6: 7 | TP6: 8 | TQ6: 5 | TR6: 4 | TS6: 5 | TT6: 4 | TU6: 10 | TV6: 12 | TW6: 11 | TX6: 4 | TY6: 3 | TZ6: 5 | UA6: 8 | UB6: 7 | UC6: 7 | UD6: 8 | UE6: 3 | UF6: 4 | UG6: 10 | UH6: 3 | UI6: 8 | UJ6: 5 | UK6: 5 | UL6: 8 | UM6: 7 | UN6: 4 | UO6: 3 | UP6: 6 | UQ6: 7 | UR6: 6 | US6: 3 | UT6: 4 | UU6: 6 | UV6: 1 | UW6: 2 | UX6: 5 | UY6: 3 | UZ6: 2 | VA6: 6 | VB6: 1 | VC6: 2 | VD6: 1 | VE6: 3 | VF6: 2 | VG6: 0 | VH6: 1 | VI6: 1 | VJ6: 2 | VK6: 2 | VL6: 2 | VM6: 0 | VN6: 3 | VO6: 0 | VP6: 0 | VQ6: 0 | VR6: 0 | VS6: 3 | VT6: 2 | VU6: 0 | VV6: 1 | VW6: 0 | VX6: 1 | VY6: 0 | VZ6: 2 | WA6: 0 | WB6: 0 | WC6: 0 | WD6: 0 | WE6: 0 | WF6: 0 | WG6: 0 | WH6: 0 | WI6: 0 | WJ6: 1 | WK6: 0 | WL6: 1 | WM6: 2 | WN6: 0 | WO6: 0 | WP6: 0 | WQ6: 1 | WR6: 0 | WS6: 1 | WT6: 1 | WU6: 0 | WV6: 0 | WW6: 0 | WX6: 0 | WY6: 1 | WZ6: 0 | XA6: 0 | XB6: 0 | XC6: 0 | XD6: 0 | XE6: 0 | XF6: 1 | XG6: 0 | XH6: 0 | XI6: 1 | XJ6: 1 | XK6: 2 | XL6: 2 | XM6: 0 | XN6: 1 | XO6: 0 | XP6: 0 | XQ6: 0 | XR6: 1 | XS6: 0 | XT6: 0 | XU6: 0 | XV6: 0 | XW6: 1 | XX6: 0 | XY6: 0 | XZ6: 0 | YA6: 0 | YB6: 0 | YC6: 0 | YD6: 0 | YE6: 1 | YF6: 0 | YG6: 0 | YH6: 0 | YI6: 0 | YJ6: 0 | YK6: 0 | YL6: 1 | YM6: 1 | YN6: 0 | YO6: 1 | YP6: 0 | YQ6: 0 | YR6: 0 | YS6: 0 | YT6: 0 | YU6: 0 | YV6: 0 | YW6: 1 | YX6: 0 | YY6: 0 | YZ6: 2 | ZA6: 1 | ZB6: 0 | ZC6: 1 | ZD6: 2 | ZE6: 0 | ZF6: 2 | ZG6: 2 | ZH6: 3 | ZI6: 4 | ZJ6: 2 | ZK6: 1 | ZL6: 0 | ZM6: 1 | ZN6: 2 | ZO6: 3 | ZP6: 2 | ZQ6: 2 | ZR6: 2 | ZS6: 3 | ZT6: 2 | ZU6: 0 | ZV6: 2 | ZW6: 6 | ZX6: 2 | ZY6: 4 | ZZ6: 1 | AAA6: 5 | AAB6: 7 | AAC6: 4 | AAD6: 3 | AAE6: 6 | AAF6: 0 | AAG6: 2 | AAH6: 3 | AAI6: 2 | AAJ6: 2 | AAK6: 3 | AAL6: 0 | AAM6: 1 | AAN6: 1 | AAO6: 3 | AAP6: 0 | AAQ6: 2 | AAR6: 0 | AAS6: 1 | AAT6: 0 | AAU6: 2 | AAV6: 1 | AAW6: 0 | AAX6: 2 | AAY6: 0 | AAZ6: 1 | ABA6: 0 | ABB6: 0 | ABC6: 0 | ABD6: 1 | ABE6: 1 | ABF6: 0 | ABG6: 0 | ABH6: 0 | ABI6: 1 | ABJ6: 1 | ABK6: 0 | ABL6: 0 | ABM6: 0 | ABN6: 0 | ABO6: 0 | ABP6: 0 | ABQ6: 0 | ABR6: 0 | ABS6: 0 | ABT6: 0 | ABU6: 0 | ABV6: 0 | ABW6: 0 | ABX6: 1 | ABY6: 0 | ABZ6: 0 | ACA6: 0 | ACB6: 0 | ACC6: 0 | ACD6: 0 | ACE6: 0 | ACF6: 0 | ACG6: 0 | ACH6: 0 | ACI6: 0 | ACJ6: 0 | ACK6: 0 | ACL6: 0 | ACM6: 0 | ACN6: 0 | ACO6: 0 | ACP6: 0 | ACQ6: 0 | ACR6: 0 | ACS6: 1 | ACT6: 0 | ACU6: 0 | ACV6: 0 | ACW6: 0 | ACX6: 0 | ACY6: 0 | ACZ6: 0 | ADA6: 0 | ADB6: 0 | ADC6: 0 | ADD6: 0 | ADE6: 0 | ADF6: 0 | ADG6: 0 | ADH6: 0 | ADI6: 0 | ADJ6: 0 | ADK6: 0 | ADL6: 0 | ADM6: 0 | ADN6: 0 | ADO6: 0 | ADP6: 0 | ADQ6: 0 | ADR6: 0 | ADS6: 0 | ADT6: 0 | ADU6: 0 | ADV6: 0 | ADW6: 0 | ADX6: 0 | ADY6: 0 | ADZ6: 0 | AEA6: 0 | AEB6: 0 | AEC6: 0 | AED6: 0 | AEE6: 0 | AEF6: 0 | AEG6: 0 | AEH6: 0 | AEI6: 0 | AEJ6: 0 | AEK6: 0 | AEL6: 0 | AEM6: 0 | AEN6: 0 | AEO6: 0 | AEP6: 0 | AEQ6: 0 | AER6: 0 | AES6: 0 | AET6: 0 | AEU6: 0 | AEV6: 0 | AEW6: 0 | AEX6: 0 | AEY6: 0 | AEZ6: 0 | AFA6: 0 | AFB6: 0 | AFC6: 0 | AFD6: 0 | AFE6: 0 | AFF6: 1 | AFG6: 0 | AFH6: 0 | AFI6: 0 | AFJ6: 0 | AFK6: 0 | AFL6: 0 | AFM6: 0 | AFN6: 0 | AFO6: 0 | AFP6: 0 | AFQ6: 2 | AFR6: 1 | AFS6: 0 | AFT6: 0 | AFU6: 0 | AFV6: 1 | AFW6: 0 | AFX6: 1 | AFY6: 1 | AFZ6: 0 | AGA6: 0 | AGB6: 0 | AGC6: 1 | AGD6: 0 | AGE6: 0 | AGF6: 0 | AGG6: 1 | AGH6: 1 | AGI6: 0 | AGJ6: 1 | AGK6: 0 | AGL6: 1 | AGM6: 0 | AGN6: 1 | AGO6: 0 | AGP6: 0 | AGQ6: 0 | AGR6: 0 | AGS6: 0 | AGT6: 0 | AGU6: 0 | AGV6: 0 | AGW6: 1 | AGX6: 0 | AGY6: 0 | AGZ6: 0 | AHA6: 0 | AHB6: 0 | AHC6: 0 | AHD6: 1 | AHE6: 0 | AHF6: 0 | AHG6: 1 | AHH6: 0 | AHI6: 0 | AHJ6: 1 | AHK6: 0 | AHL6: 0 | AHM6: 0 | AHN6: 0 | AHO6: 0 | AHP6: 0 | AHQ6: 0 | AHR6: 0 | AHS6: 0 | AHT6: 0 | AHU6: 0 | AHV6: 0 | AHW6: 0 | AHX6: 0 | AHY6: 0 | AHZ6: 0 | AIA6: 1 | AIB6: 0 | AIC6: 0 | AID6: 0 | AIE6: 0 | AIF6: 0 | AIG6: 0 | AIH6: 0 | AII6: 0 | AIJ6: 0 | AIK6: 0 | AIL6: 0 | AIM6: 0 | AIN6: 0 | AIO6: 0 | AIP6: 1 | AIQ6: 0 | AIR6: 0 | AIS6: 1 | AIT6: 0 | AIU6: 0 | AIV6: 0 | AIW6: 0 | AIX6: 0 | AIY6: 0 | AIZ6: 0 | AJA6: 0 | AJB6: 0 | AJC6: 0 | AJD6: 0 | AJE6: 0 | AJF6: 0 | AJG6: 0 | AJH6: 0 | AJI6: 0 | AJJ6: 0 | AJK6: 0 | AJL6: 0 | AJM6: 0 | AJN6: 0 | AJO6: 0 | AJP6: 0 | AJQ6: 0 | AJR6: 0 | AJS6: 0 | AJT6: 0 | AJU6: 0 | AJV6: 0 | AJW6: 0 | AJX6: 0 | AJY6: 0 | AJZ6: 0 | AKA6: 0 | AKB6: 0 | AKC6: 0 | AKD6: 0 | AKE6: 0 | AKF6: 0 | AKG6: 0 | AKH6: 0 | AKI6: 0 | AKJ6: 0 | AKK6: 0 | AKL6: 0 | AKM6: 0 | AKN6: 0 | AKO6: 0 | AKP6: 0 | AKQ6: 0 | AKR6: 0 | AKS6: 0 | AKT6: 0 | AKU6: 0 | AKV6: 0 | AKW6: 0 | AKX6: 0 | AKY6: 0 | AKZ6: 0 | ALA6: 0 | ALB6: 0 | ALC6: 0 | ALD6: 0 | ALE6: 0 | ALF6: 0 | ALG6: 0 | ALH6: 0 | ALI6: 0 | ALJ6: 0 | ALK6: 0 | ALL6: 0 | ALM6: 1 | ALN6: 0 | ALO6: 0 | ALP6: 0 | ALQ6: 0 | ALR6: 0 | ALS6: 0 | ALT6: 0 | ALU6: 0 | ALV6: 0 | ALW6: 0 | ALX6: 0 | ALY6: 1 | ALZ6: 0 | AMA6: 1 | AMB6: 0 | AMC6: 0 | AMD6: 0 | AME6: 0 | AMF6: 0 | AMG6: 0 | AMH6: 0 | AMI6: 0 | AMJ6: 1 | AMK6: 0 | AML6: 1 | AMM6: 1 | AMN6: 0 | AMO6: 0 | AMP6: 1 | AMQ6: 0 | AMR6: 0 | AMS6: 1 | AMT6: 0 | AMU6: 0 | AMV6: 0 | AMW6: 1 | AMX6: 2 | AMY6: 1 | AMZ6: 0 | ANA6: 0 | ANB6: 0 | ANC6: 1 | AND6: 0 | ANE6: 0 | ANF6: 0 | ANG6: 0 | ANH6: 0 | ANI6: 0 | ANJ6: 0 | ANK6: 0 | ANL6: 0 | ANM6: 0 | ANN6: 0 | ANO6: 0 | ANP6: 1 | ANQ6: 0 | ANR6: 0 | ANS6: 0 | ANT6: 0 | ANU6: 0 | ANV6: 0 | ANW6: 0 | ANX6: 0 | ANY6: 0 | ANZ6: 0 | AOA6: 0 | AOB6: 0 | AOC6: 0 | AOD6: 0 | AOE6: 0 | AOF6: 0 | AOG6: 0 | AOH6: 0 | AOI6: 0 | AOJ6: 0 | AOK6: 0 | AOL6: 0 | AOM6: 0 | AON6: 0 | AOO6: 0 | AOP6: 0 | AOQ6: 0 | AOR6: 0 | AOS6: 0 | AOT6: 0 | AOU6: 0 | AOV6: 0 | AOW6: 0 | AOX6: 0 | AOY6: 0 | AOZ6: 0 | APA6: 0 | APB6: 0 | APC6: 0 | APD6: 0 | APE6: 0 | APF6: 0 | APG6: 0 | APH6: 0 | API6: 0 | APJ6: 0 | APK6: 0 | APL6: 0 | APM6: 0 | APN6: 0 | APO6: 0 | APP6: 0 | APQ6: 0 | APR6: 0 | APS6: 0 | APT6: 0 | APU6: 0 | APV6: 0 | APW6: 0 | APX6: 0 | APY6: 0 | APZ6: 0 | AQA6: 0 | AQB6: 0 | AQC6: 0 | AQD6: 0 | AQE6: 0 | AQF6: 0 | AQG6: 1 | AQH6: 0 | AQI6: 0 | AQJ6: 0 | AQK6: 0 | AQL6: 0 | AQM6: 0 | AQN6: 0 | AQO6: 0 | AQP6: 0 | AQQ6: 0 | AQR6: 0 | AQS6: 0 | AQT6: 0 | AQU6: 0 | AQV6: 0 | AQW6: 0 | AQX6: 0 | AQY6: 0 | AQZ6: 0 | ARA6: 0 | ARB6: 0 | ARC6: 0 | ARD6: 0 | ARE6: 0 | ARF6: 0 | ARG6: 0 | ARH6: 0 | ARI6: 0 | ARJ6: 0 | ARK6: 0 | ARL6: 0 | ARM6: 0 | ARN6: 0 | ARO6: 0 | ARP6: 0 | ARQ6: 0 | ARR6: 0 | ARS6: 0 | ART6: 0 | ARU6: 0 | ARV6: 0 | ARW6: 0 | ARX6: 0 | ARY6: 0 | ARZ6: 0 | ASA6: 0 | ASB6: 0 | ASC6: 0 | ASD6: 0 | ASE6: 0 | ASF6: 0 | ASG6: 0 | ASH6: 0 | ASI6: 0 | ASJ6: 0 | ASK6: 0 | ASL6: 0 | ASM6: 0 | ASN6: 0 | ASO6: 0 | ASP6: 0 | ASQ6: 0 | ASR6: 0 | ASS6: 0 | AST6: 0 | ASU6: 0 | ASV6: 0 | ASW6: 0 | ASX6: 0 | ASY6: 0 | ASZ6: 0 | ATA6: 0
A7: 08 | B7: 3801487 | C7: CHIHUAHUA | D7: 0 | E7: 0 | F7: 0 | G7: 0 | H7: 0 | I7: 0 | J7: 0 | K7: 0 | L7: 0 | M7: 0 | N7: 0 | O7: 0 | P7: 0 | Q7: 0 | R7: 1 | S7: 0 | T7: 0 | U7: 4 | V7: 2 | W7: 2 | X7: 2 | Y7: 9 | Z7: 6 | AA7: 5 | AB7: 3 | AC7: 2 | AD7: 7 | AE7: 6 | AF7: 7 | AG7: 11 | AH7: 6 | AI7: 14 | AJ7: 12 | AK7: 10 | AL7: 20 | AM7: 26 | AN7: 15 | AO7: 12 | AP7: 27 | AQ7: 17 | AR7: 19 | AS7: 17 | AT7: 20 | AU7: 21 | AV7: 20 | AW7: 30 | AX7: 20 | AY7: 18 | AZ7: 24 | BA7: 18 | BB7: 16 | BC7: 26 | BD7: 17 | BE7: 24 | BF7: 26 | BG7: 19 | BH7: 18 | BI7: 21 | BJ7: 22 | BK7: 18 | BL7: 16 | BM7: 16 | BN7: 19 | BO7: 26 | BP7: 11 | BQ7: 7 | BR7: 14 | BS7: 14 | BT7: 7 | BU7: 12 | BV7: 16 | BW7: 8 | BX7: 13 | BY7: 11 | BZ7: 11 | CA7: 6 | CB7: 14 | CC7: 12 | CD7: 11 | CE7: 8 | CF7: 12 | CG7: 16 | CH7: 15 | CI7: 18 | CJ7: 10 | CK7: 9 | CL7: 16 | CM7: 10 | CN7: 9 | CO7: 14 | CP7: 10 | CQ7: 11 | CR7: 12 | CS7: 8 | CT7: 8 | CU7: 6 | CV7: 7 | CW7: 11 | CX7: 7 | CY7: 7 | CZ7: 8 | DA7: 10 | DB7: 5 | DC7: 8 | DD7: 8 | DE7: 8 | DF7: 11 | DG7: 8 | DH7: 11 | DI7: 6 | DJ7: 6 | DK7: 14 | DL7: 14 | DM7: 9 | DN7: 14 | DO7: 12 | DP7: 15 | DQ7: 12 | DR7: 14 | DS7: 9 | DT7: 5 | DU7: 7 | DV7: 7 | DW7: 7 | DX7: 14 | DY7: 12 | DZ7: 8 | EA7: 17 | EB7: 8 | EC7: 9 | ED7: 7 | EE7: 10 | EF7: 10 | EG7: 17 | EH7: 14 | EI7: 13 | EJ7: 7 | EK7: 7 | EL7: 7 | EM7: 11 | EN7: 15 | EO7: 12 | EP7: 12 | EQ7: 11 | ER7: 8 | ES7: 15 | ET7: 7 | EU7: 10 | EV7: 11 | EW7: 5 | EX7: 7 | EY7: 7 | EZ7: 6 | FA7: 9 | FB7: 4 | FC7: 9 | FD7: 9 | FE7: 10 | FF7: 9 | FG7: 6 | FH7: 12 | FI7: 8 | FJ7: 11 | FK7: 12 | FL7: 12 | FM7: 6 | FN7: 7 | FO7: 13 | FP7: 7 | FQ7: 4 | FR7: 8 | FS7: 14 | FT7: 5 | FU7: 11 | FV7: 6 | FW7: 4 | FX7: 8 | FY7: 13 | FZ7: 8 | GA7: 10 | GB7: 8 | GC7: 9 | GD7: 8 | GE7: 6 | GF7: 15 | GG7: 9 | GH7: 6 | GI7: 16 | GJ7: 18 | GK7: 13 | GL7: 6 | GM7: 13 | GN7: 11 | GO7: 7 | GP7: 8 | GQ7: 11 | GR7: 14 | GS7: 9 | GT7: 17 | GU7: 17 | GV7: 16 | GW7: 7 | GX7: 12 | GY7: 19 | GZ7: 24 | HA7: 19 | HB7: 11 | HC7: 22 | HD7: 24 | HE7: 39 | HF7: 33 | HG7: 42 | HH7: 28 | HI7: 38 | HJ7: 48 | HK7: 47 | HL7: 54 | HM7: 50 | HN7: 50 | HO7: 45 | HP7: 49 | HQ7: 69 | HR7: 78 | HS7: 62 | HT7: 61 | HU7: 76 | HV7: 83 | HW7: 70 | HX7: 69 | HY7: 68 | HZ7: 82 | IA7: 91 | IB7: 64 | IC7: 78 | ID7: 100 | IE7: 83 | IF7: 77 | IG7: 76 | IH7: 72 | II7: 70 | IJ7: 66 | IK7: 66 | IL7: 52 | IM7: 64 | IN7: 64 | IO7: 79 | IP7: 53 | IQ7: 46 | IR7: 53 | IS7: 55 | IT7: 56 | IU7: 35 | IV7: 49 | IW7: 35 | IX7: 39 | IY7: 44 | IZ7: 33 | JA7: 38 | JB7: 29 | JC7: 37 | JD7: 36 | JE7: 27 | JF7: 30 | JG7: 29 | JH7: 20 | JI7: 27 | JJ7: 12 | JK7: 22 | JL7: 21 | JM7: 23 | JN7: 14 | JO7: 19 | JP7: 25 | JQ7: 24 | JR7: 17 | JS7: 15 | JT7: 11 | JU7: 22 | JV7: 18 | JW7: 15 | JX7: 9 | JY7: 14 | JZ7: 15 | KA7: 21 | KB7: 24 | KC7: 14 | KD7: 22 | KE7: 11 | KF7: 19 | KG7: 8 | KH7: 17 | KI7: 11 | KJ7: 14 | KK7: 19 | KL7: 19 | KM7: 15 | KN7: 10 | KO7: 17 | KP7: 15 | KQ7: 17 | KR7: 19 | KS7: 13 | KT7: 23 | KU7: 21 | KV7: 18 | KW7: 11 | KX7: 10 | KY7: 18 | KZ7: 20 | LA7: 8 | LB7: 13 | LC7: 5 | LD7: 13 | LE7: 9 | LF7: 18 | LG7: 11 | LH7: 17 | LI7: 13 | LJ7: 14 | LK7: 12 | LL7: 12 | LM7: 9 | LN7: 16 | LO7: 16 | LP7: 11 | LQ7: 12 | LR7: 15 | LS7: 9 | LT7: 15 | LU7: 7 | LV7: 8 | LW7: 9 | LX7: 14 | LY7: 8 | LZ7: 9 | MA7: 6 | MB7: 8 | MC7: 17 | MD7: 12 | ME7: 2 | MF7: 4 | MG7: 13 | MH7: 11 | MI7: 8 | MJ7: 8 | MK7: 11 | ML7: 15 | MM7: 9 | MN7: 9 | MO7: 13 | MP7: 8 | MQ7: 8 | MR7: 16 | MS7: 13 | MT7: 8 | MU7: 8 | MV7: 8 | MW7: 15 | MX7: 10 | MY7: 7 | MZ7: 11 | NA7: 11 | NB7: 11 | NC7: 7 | ND7: 12 | NE7: 9 | NF7: 11 | NG7: 7 | NH7: 10 | NI7: 6 | NJ7: 12 | NK7: 11 | NL7: 2 | NM7: 16 | NN7: 6 | NO7: 6 | NP7: 12 | NQ7: 13 | NR7: 16 | NS7: 8 | NT7: 11 | NU7: 17 | NV7: 16 | NW7: 22 | NX7: 14 | NY7: 16 | NZ7: 14 | OA7: 21 | OB7: 18 | OC7: 12 | OD7: 16 | OE7: 13 | OF7: 18 | OG7: 13 | OH7: 23 | OI7: 21 | OJ7: 18 | OK7: 19 | OL7: 19 | OM7: 10 | ON7: 12 | OO7: 18 | OP7: 12 | OQ7: 14 | OR7: 10 | OS7: 15 | OT7: 15 | OU7: 17 | OV7: 16 | OW7: 10 | OX7: 9 | OY7: 20 | OZ7: 11 | PA7: 12 | PB7: 11 | PC7: 13 | PD7: 14 | PE7: 5 | PF7: 8 | PG7: 7 | PH7: 10 | PI7: 10 | PJ7: 7 | PK7: 8 | PL7: 7 | PM7: 6 | PN7: 6 | PO7: 5 | PP7: 8 | PQ7: 4 | PR7: 5 | PS7: 5 | PT7: 9 | PU7: 7 | PV7: 8 | PW7: 4 | PX7: 2 | PY7: 5 | PZ7: 7 | QA7: 4 | QB7: 5 | QC7: 4 | QD7: 2 | QE7: 6 | QF7: 6 | QG7: 4 | QH7: 5 | QI7: 4 | QJ7: 6 | QK7: 5 | QL7: 2 | QM7: 4 | QN7: 4 | QO7: 1 | QP7: 5 | QQ7: 3 | QR7: 4 | QS7: 1 | QT7: 7 | QU7: 6 | QV7: 2 | QW7: 1 | QX7: 3 | QY7: 3 | QZ7: 2 | RA7: 2 | RB7: 3 | RC7: 0 | RD7: 1 | RE7: 1 | RF7: 3 | RG7: 0 | RH7: 4 | RI7: 3 | RJ7: 1 | RK7: 0 | RL7: 2 | RM7: 1 | RN7: 1 | RO7: 1 | RP7: 2 | RQ7: 0 | RR7: 1 | RS7: 3 | RT7: 4 | RU7: 0 | RV7: 3 | RW7: 3 | RX7: 0 | RY7: 2 | RZ7: 2 | SA7: 3 | SB7: 3 | SC7: 3 | SD7: 3 | SE7: 4 | SF7: 3 | SG7: 5 | SH7: 3 | SI7: 2 | SJ7: 2 | SK7: 2 | SL7: 4 | SM7: 2 | SN7: 1 | SO7: 4 | SP7: 3 | SQ7: 6 | SR7: 4 | SS7: 4 | ST7: 8 | SU7: 10 | SV7: 5 | SW7: 4 | SX7: 3 | SY7: 2 | SZ7: 4 | TA7: 6 | TB7: 3 | TC7: 4 | TD7: 1 | TE7: 1 | TF7: 5 | TG7: 1 | TH7: 4 | TI7: 5 | TJ7: 5 | TK7: 2 | TL7: 1 | TM7: 8 | TN7: 2 | TO7: 4 | TP7: 5 | TQ7: 2 | TR7: 3 | TS7: 4 | TT7: 3 | TU7: 3 | TV7: 4 | TW7: 7 | TX7: 4 | TY7: 7 | TZ7: 8 | UA7: 5 | UB7: 2 | UC7: 4 | UD7: 3 | UE7: 5 | UF7: 5 | UG7: 9 | UH7: 5 | UI7: 4 | UJ7: 3 | UK7: 4 | UL7: 4 | UM7: 5 | UN7: 3 | UO7: 2 | UP7: 3 | UQ7: 5 | UR7: 7 | US7: 3 | UT7: 5 | UU7: 7 | UV7: 6 | UW7: 4 | UX7: 5 | UY7: 8 | UZ7: 3 | VA7: 8 | VB7: 9 | VC7: 3 | VD7: 7 | VE7: 9 | VF7: 5 | VG7: 9 | VH7: 3 | VI7: 6 | VJ7: 4 | VK7: 3 | VL7: 3 | VM7: 2 | VN7: 5 | VO7: 4 | VP7: 4 | VQ7: 4 | VR7: 5 | VS7: 5 | VT7: 5 | VU7: 10 | VV7: 15 | VW7: 9 | VX7: 3 | VY7: 4 | VZ7: 5 | WA7: 9 | WB7: 10 | WC7: 6 | WD7: 5 | WE7: 10 | WF7: 6 | WG7: 8 | WH7: 6 | WI7: 10 | WJ7: 8 | WK7: 8 | WL7: 8 | WM7: 6 | WN7: 9 | WO7: 9 | WP7: 13 | WQ7: 10 | WR7: 9 | WS7: 12 | WT7: 7 | WU7: 4 | WV7: 16 | WW7: 16 | WX7: 13 | WY7: 10 | WZ7: 7 | XA7: 9 | XB7: 11 | XC7: 15 | XD7: 12 | XE7: 14 | XF7: 13 | XG7: 6 | XH7: 21 | XI7: 10 | XJ7: 17 | XK7: 15 | XL7: 18 | XM7: 14 | XN7: 20 | XO7: 15 | XP7: 14 | XQ7: 21 | XR7: 12 | XS7: 16 | XT7: 19 | XU7: 25 | XV7: 19 | XW7: 9 | XX7: 15 | XY7: 17 | XZ7: 13 | YA7: 20 | YB7: 21 | YC7: 23 | YD7: 14 | YE7: 17 | YF7: 18 | YG7: 14 | YH7: 20 | YI7: 20 | YJ7: 20 | YK7: 23 | YL7: 22 | YM7: 18 | YN7: 21 | YO7: 12 | YP7: 13 | YQ7: 15 | YR7: 21 | YS7: 17 | YT7: 20 | YU7: 13 | YV7: 22 | YW7: 16 | YX7: 21 | YY7: 22 | YZ7: 23 | ZA7: 23 | ZB7: 23 | ZC7: 28 | ZD7: 24 | ZE7: 20 | ZF7: 20 | ZG7: 21 | ZH7: 24 | ZI7: 25 | ZJ7: 29 | ZK7: 37 | ZL7: 23 | ZM7: 15 | ZN7: 26 | ZO7: 30 | ZP7: 22 | ZQ7: 20 | ZR7: 26 | ZS7: 26 | ZT7: 15 | ZU7: 19 | ZV7: 15 | ZW7: 23 | ZX7: 14 | ZY7: 9 | ZZ7: 10 | AAA7: 15 | AAB7: 13 | AAC7: 8 | AAD7: 8 | AAE7: 8 | AAF7: 7 | AAG7: 11 | AAH7: 5 | AAI7: 8 | AAJ7: 7 | AAK7: 4 | AAL7: 7 | AAM7: 2 | AAN7: 5 | AAO7: 4 | AAP7: 2 | AAQ7: 2 | AAR7: 1 | AAS7: 3 | AAT7: 2 | AAU7: 4 | AAV7: 3 | AAW7: 4 | AAX7: 4 | AAY7: 3 | AAZ7: 4 | ABA7: 3 | ABB7: 1 | ABC7: 4 | ABD7: 1 | ABE7: 1 | ABF7: 1 | ABG7: 4 | ABH7: 2 | ABI7: 1 | ABJ7: 0 | ABK7: 1 | ABL7: 1 | ABM7: 0 | ABN7: 2 | ABO7: 1 | ABP7: 1 | ABQ7: 0 | ABR7: 1 | ABS7: 1 | ABT7: 1 | ABU7: 0 | ABV7: 1 | ABW7: 0 | ABX7: 1 | ABY7: 1 | ABZ7: 0 | ACA7: 0 | ACB7: 1 | ACC7: 0 | ACD7: 1 | ACE7: 2 | ACF7: 0 | ACG7: 1 | ACH7: 3 | ACI7: 0 | ACJ7: 0 | ACK7: 3 | ACL7: 1 | ACM7: 0 | ACN7: 0 | ACO7: 0 | ACP7: 0 | ACQ7: 0 | ACR7: 0 | ACS7: 0 | ACT7: 0 | ACU7: 0 | ACV7: 0 | ACW7: 2 | ACX7: 0 | ACY7: 0 | ACZ7: 0 | ADA7: 0 | ADB7: 0 | ADC7: 1 | ADD7: 0 | ADE7: 1 | ADF7: 0 | ADG7: 0 | ADH7: 0 | ADI7: 0 | ADJ7: 0 | ADK7: 0 | ADL7: 0 | ADM7: 0 | ADN7: 0 | ADO7: 1 | ADP7: 0 | ADQ7: 0 | ADR7: 0 | ADS7: 0 | ADT7: 0 | ADU7: 0 | ADV7: 0 | ADW7: 0 | ADX7: 0 | ADY7: 0 | ADZ7: 0 | AEA7: 0 | AEB7: 0 | AEC7: 0 | AED7: 0 | AEE7: 0 | AEF7: 0 | AEG7: 1 | AEH7: 0 | AEI7: 0 | AEJ7: 0 | AEK7: 2 | AEL7: 0 | AEM7: 0 | AEN7: 0 | AEO7: 0 | AEP7: 0 | AEQ7: 0 | AER7: 0 | AES7: 2 | AET7: 1 | AEU7: 0 | AEV7: 0 | AEW7: 1 | AEX7: 2 | AEY7: 0 | AEZ7: 2 | AFA7: 1 | AFB7: 0 | AFC7: 0 | AFD7: 0 | AFE7: 1 | AFF7: 0 | AFG7: 1 | AFH7: 2 | AFI7: 1 | AFJ7: 2 | AFK7: 1 | AFL7: 3 | AFM7: 0 | AFN7: 1 | AFO7: 3 | AFP7: 0 | AFQ7: 1 | AFR7: 1 | AFS7: 2 | AFT7: 2 | AFU7: 1 | AFV7: 2 | AFW7: 3 | AFX7: 0 | AFY7: 0 | AFZ7: 4 | AGA7: 5 | AGB7: 3 | AGC7: 4 | AGD7: 2 | AGE7: 0 | AGF7: 2 | AGG7: 2 | AGH7: 3 | AGI7: 1 | AGJ7: 2 | AGK7: 1 | AGL7: 4 | AGM7: 1 | AGN7: 3 | AGO7: 1 | AGP7: 4 | AGQ7: 2 | AGR7: 1 | AGS7: 1 | AGT7: 5 | AGU7: 0 | AGV7: 4 | AGW7: 1 | AGX7: 1 | AGY7: 0 | AGZ7: 4 | AHA7: 2 | AHB7: 3 | AHC7: 2 | AHD7: 2 | AHE7: 0 | AHF7: 0 | AHG7: 1 | AHH7: 2 | AHI7: 2 | AHJ7: 1 | AHK7: 2 | AHL7: 2 | AHM7: 2 | AHN7: 0 | AHO7: 0 | AHP7: 0 | AHQ7: 1 | AHR7: 0 | AHS7: 1 | AHT7: 1 | AHU7: 1 | AHV7: 1 | AHW7: 1 | AHX7: 1 | AHY7: 1 | AHZ7: 1 | AIA7: 0 | AIB7: 1 | AIC7: 0 | AID7: 0 | AIE7: 0 | AIF7: 0 | AIG7: 0 | AIH7: 1 | AII7: 1 | AIJ7: 0 | AIK7: 1 | AIL7: 0 | AIM7: 0 | AIN7: 0 | AIO7: 0 | AIP7: 0 | AIQ7: 1 | AIR7: 1 | AIS7: 0 | AIT7: 0 | AIU7: 0 | AIV7: 1 | AIW7: 0 | AIX7: 0 | AIY7: 1 | AIZ7: 0 | AJA7: 1 | AJB7: 0 | AJC7: 0 | AJD7: 1 | AJE7: 0 | AJF7: 0 | AJG7: 0 | AJH7: 0 | AJI7: 0 | AJJ7: 0 | AJK7: 0 | AJL7: 0 | AJM7: 0 | AJN7: 0 | AJO7: 0 | AJP7: 0 | AJQ7: 0 | AJR7: 0 | AJS7: 0 | AJT7: 0 | AJU7: 0 | AJV7: 0 | AJW7: 0 | AJX7: 0 | AJY7: 0 | AJZ7: 0 | AKA7: 1 | AKB7: 0 | AKC7: 0 | AKD7: 0 | AKE7: 0 | AKF7: 0 | AKG7: 0 | AKH7: 0 | AKI7: 0 | AKJ7: 0 | AKK7: 0 | AKL7: 0 | AKM7: 0 | AKN7: 0 | AKO7: 1 | AKP7: 1 | AKQ7: 1 | AKR7: 0 | AKS7: 0 | AKT7: 0 | AKU7: 0 | AKV7: 0 | AKW7: 2 | AKX7: 0 | AKY7: 0 | AKZ7: 0 | ALA7: 0 | ALB7: 2 | ALC7: 1 | ALD7: 2 | ALE7: 1 | ALF7: 1 | ALG7: 0 | ALH7: 0 | ALI7: 2 | ALJ7: 1 | ALK7: 0 | ALL7: 1 | ALM7: 1 | ALN7: 4 | ALO7: 1 | ALP7: 4 | ALQ7: 3 | ALR7: 2 | ALS7: 1 | ALT7: 3 | ALU7: 2 | ALV7: 4 | ALW7: 2 | ALX7: 2 | ALY7: 0 | ALZ7: 1 | AMA7: 0 | AMB7: 0 | AMC7: 1 | AMD7: 1 | AME7: 0 | AMF7: 1 | AMG7: 2 | AMH7: 0 | AMI7: 0 | AMJ7: 1 | AMK7: 0 | AML7: 1 | AMM7: 0 | AMN7: 1 | AMO7: 1 | AMP7: 1 | AMQ7: 0 | AMR7: 0 | AMS7: 0 | AMT7: 1 | AMU7: 2 | AMV7: 0 | AMW7: 0 | AMX7: 0 | AMY7: 0 | AMZ7: 2 | ANA7: 1 | ANB7: 2 | ANC7: 0 | AND7: 1 | ANE7: 1 | ANF7: 2 | ANG7: 1 | ANH7: 1 | ANI7: 0 | ANJ7: 0 | ANK7: 2 | ANL7: 0 | ANM7: 1 | ANN7: 2 | ANO7: 0 | ANP7: 0 | ANQ7: 1 | ANR7: 1 | ANS7: 2 | ANT7: 0 | ANU7: 1 | ANV7: 0 | ANW7: 0 | ANX7: 0 | ANY7: 1 | ANZ7: 0 | AOA7: 2 | AOB7: 1 | AOC7: 0 | AOD7: 0 | AOE7: 0 | AOF7: 1 | AOG7: 0 | AOH7: 2 | AOI7: 0 | AOJ7: 2 | AOK7: 0 | AOL7: 0 | AOM7: 1 | AON7: 2 | AOO7: 1 | AOP7: 0 | AOQ7: 0 | AOR7: 0 | AOS7: 1 | AOT7: 0 | AOU7: 0 | AOV7: 0 | AOW7: 0 | AOX7: 0 | AOY7: 1 | AOZ7: 1 | APA7: 1 | APB7: 2 | APC7: 0 | APD7: 1 | APE7: 0 | APF7: 0 | APG7: 0 | APH7: 1 | API7: 0 | APJ7: 0 | APK7: 1 | APL7: 0 | APM7: 2 | APN7: 1 | APO7: 0 | APP7: 0 | APQ7: 2 | APR7: 1 | APS7: 1 | APT7: 0 | APU7: 0 | APV7: 0 | APW7: 0 | APX7: 0 | APY7: 1 | APZ7: 0 | AQA7: 0 | AQB7: 0 | AQC7: 0 | AQD7: 0 | AQE7: 0 | AQF7: 0 | AQG7: 0 | AQH7: 0 | AQI7: 0 | AQJ7: 1 | AQK7: 0 | AQL7: 0 | AQM7: 1 | AQN7: 0 | AQO7: 0 | AQP7: 1 | AQQ7: 0 | AQR7: 0 | AQS7: 0 | AQT7: 0 | AQU7: 0 | AQV7: 2 | AQW7: 0 | AQX7: 0 | AQY7: 0 | AQZ7: 0 | ARA7: 1 | ARB7: 0 | ARC7: 1 | ARD7: 0 | ARE7: 0 | ARF7: 0 | ARG7: 1 | ARH7: 0 | ARI7: 0 | ARJ7: 1 | ARK7: 0 | ARL7: 0 | ARM7: 1 | ARN7: 1 | ARO7: 1 | ARP7: 0 | ARQ7: 0 | ARR7: 0 | ARS7: 0 | ART7: 0 | ARU7: 0 | ARV7: 1 | ARW7: 0 | ARX7: 0 | ARY7: 1 | ARZ7: 0 | ASA7: 0 | ASB7: 0 | ASC7: 1 | ASD7: 0 | ASE7: 0 | ASF7: 0 | ASG7: 0 | ASH7: 0 | ASI7: 0 | ASJ7: 0 | ASK7: 0 | ASL7: 0 | ASM7: 0 | ASN7: 0 | ASO7: 0 | ASP7: 0 | ASQ7: 0 | ASR7: 0 | ASS7: 0 | AST7: 0 | ASU7: 0 | ASV7: 0 | ASW7: 0 | ASX7: 0 | ASY7: 0 | ASZ7: 0 | ATA7: 0
A8: 09 | B8: 9018645 | C8: DISTRITO FEDERAL | D8: 0 | E8: 0 | F8: 0 | G8: 0 | H8: 0 | I8: 1 | J8: 1 | K8: 0 | L8: 1 | M8: 3 | N8: 3 | O8: 2 | P8: 2 | Q8: 4 | R8: 7 | S8: 6 | T8: 5 | U8: 7 | V8: 7 | W8: 6 | X8: 16 | Y8: 11 | Z8: 6 | AA8: 17 | AB8: 27 | AC8: 24 | AD8: 13 | AE8: 18 | AF8: 27 | AG8: 27 | AH8: 28 | AI8: 24 | AJ8: 30 | AK8: 42 | AL8: 44 | AM8: 54 | AN8: 43 | AO8: 62 | AP8: 67 | AQ8: 83 | AR8: 86 | AS8: 75 | AT8: 73 | AU8: 120 | AV8: 112 | AW8: 118 | AX8: 83 | AY8: 107 | AZ8: 114 | BA8: 119 | BB8: 124 | BC8: 110 | BD8: 120 | BE8: 109 | BF8: 133 | BG8: 124 | BH8: 143 | BI8: 125 | BJ8: 153 | BK8: 146 | BL8: 149 | BM8: 159 | BN8: 161 | BO8: 140 | BP8: 125 | BQ8: 169 | BR8: 132 | BS8: 137 | BT8: 145 | BU8: 143 | BV8: 135 | BW8: 123 | BX8: 135 | BY8: 120 | BZ8: 120 | CA8: 140 | CB8: 129 | CC8: 123 | CD8: 127 | CE8: 123 | CF8: 114 | CG8: 123 | CH8: 114 | CI8: 133 | CJ8: 111 | CK8: 119 | CL8: 119 | CM8: 127 | CN8: 128 | CO8: 115 | CP8: 85 | CQ8: 123 | CR8: 113 | CS8: 102 | CT8: 98 | CU8: 74 | CV8: 98 | CW8: 76 | CX8: 74 | CY8: 62 | CZ8: 64 | DA8: 74 | DB8: 89 | DC8: 67 | DD8: 58 | DE8: 72 | DF8: 82 | DG8: 64 | DH8: 67 | DI8: 76 | DJ8: 67 | DK8: 80 | DL8: 80 | DM8: 51 | DN8: 66 | DO8: 49 | DP8: 61 | DQ8: 71 | DR8: 58 | DS8: 73 | DT8: 72 | DU8: 58 | DV8: 56 | DW8: 65 | DX8: 58 | DY8: 55 | DZ8: 56 | EA8: 43 | EB8: 54 | EC8: 45 | ED8: 61 | EE8: 54 | EF8: 53 | EG8: 49 | EH8: 35 | EI8: 60 | EJ8: 47 | EK8: 47 | EL8: 55 | EM8: 56 | EN8: 55 | EO8: 61 | EP8: 42 | EQ8: 53 | ER8: 65 | ES8: 34 | ET8: 47 | EU8: 42 | EV8: 45 | EW8: 45 | EX8: 46 | EY8: 45 | EZ8: 42 | FA8: 45 | FB8: 47 | FC8: 44 | FD8: 50 | FE8: 41 | FF8: 45 | FG8: 51 | FH8: 45 | FI8: 56 | FJ8: 44 | FK8: 37 | FL8: 50 | FM8: 52 | FN8: 45 | FO8: 47 | FP8: 61 | FQ8: 51 | FR8: 46 | FS8: 52 | FT8: 50 | FU8: 50 | FV8: 45 | FW8: 41 | FX8: 49 | FY8: 49 | FZ8: 56 | GA8: 51 | GB8: 47 | GC8: 47 | GD8: 59 | GE8: 40 | GF8: 44 | GG8: 45 | GH8: 42 | GI8: 35 | GJ8: 38 | GK8: 49 | GL8: 55 | GM8: 45 | GN8: 45 | GO8: 48 | GP8: 55 | GQ8: 40 | GR8: 56 | GS8: 42 | GT8: 39 | GU8: 53 | GV8: 47 | GW8: 46 | GX8: 62 | GY8: 49 | GZ8: 37 | HA8: 45 | HB8: 44 | HC8: 52 | HD8: 42 | HE8: 51 | HF8: 43 | HG8: 47 | HH8: 35 | HI8: 41 | HJ8: 44 | HK8: 52 | HL8: 57 | HM8: 46 | HN8: 59 | HO8: 42 | HP8: 55 | HQ8: 42 | HR8: 49 | HS8: 52 | HT8: 43 | HU8: 61 | HV8: 44 | HW8: 45 | HX8: 49 | HY8: 58 | HZ8: 54 | IA8: 43 | IB8: 66 | IC8: 60 | ID8: 54 | IE8: 56 | IF8: 56 | IG8: 56 | IH8: 61 | II8: 52 | IJ8: 77 | IK8: 69 | IL8: 73 | IM8: 64 | IN8: 77 | IO8: 66 | IP8: 74 | IQ8: 71 | IR8: 81 | IS8: 70 | IT8: 81 | IU8: 91 | IV8: 73 | IW8: 86 | IX8: 79 | IY8: 89 | IZ8: 82 | JA8: 70 | JB8: 97 | JC8: 115 | JD8: 91 | JE8: 78 | JF8: 98 | JG8: 85 | JH8: 89 | JI8: 128 | JJ8: 113 | JK8: 115 | JL8: 126 | JM8: 119 | JN8: 127 | JO8: 118 | JP8: 135 | JQ8: 144 | JR8: 139 | JS8: 147 | JT8: 141 | JU8: 153 | JV8: 155 | JW8: 150 | JX8: 159 | JY8: 159 | JZ8: 163 | KA8: 142 | KB8: 184 | KC8: 192 | KD8: 177 | KE8: 190 | KF8: 193 | KG8: 167 | KH8: 177 | KI8: 205 | KJ8: 215 | KK8: 210 | KL8: 194 | KM8: 213 | KN8: 179 | KO8: 196 | KP8: 198 | KQ8: 218 | KR8: 238 | KS8: 210 | KT8: 202 | KU8: 221 | KV8: 223 | KW8: 208 | KX8: 228 | KY8: 225 | KZ8: 253 | LA8: 243 | LB8: 223 | LC8: 227 | LD8: 223 | LE8: 240 | LF8: 261 | LG8: 270 | LH8: 212 | LI8: 198 | LJ8: 200 | LK8: 217 | LL8: 206 | LM8: 220 | LN8: 189 | LO8: 202 | LP8: 156 | LQ8: 159 | LR8: 161 | LS8: 167 | LT8: 167 | LU8: 163 | LV8: 142 | LW8: 123 | LX8: 135 | LY8: 143 | LZ8: 144 | MA8: 113 | MB8: 154 | MC8: 139 | MD8: 107 | ME8: 119 | MF8: 106 | MG8: 128 | MH8: 131 | MI8: 99 | MJ8: 117 | MK8: 105 | ML8: 105 | MM8: 94 | MN8: 118 | MO8: 102 | MP8: 107 | MQ8: 93 | MR8: 105 | MS8: 111 | MT8: 89 | MU8: 81 | MV8: 104 | MW8: 95 | MX8: 98 | MY8: 103 | MZ8: 67 | NA8: 95 | NB8: 93 | NC8: 76 | ND8: 67 | NE8: 68 | NF8: 51 | NG8: 89 | NH8: 63 | NI8: 62 | NJ8: 66 | NK8: 76 | NL8: 77 | NM8: 64 | NN8: 44 | NO8: 64 | NP8: 67 | NQ8: 63 | NR8: 53 | NS8: 43 | NT8: 53 | NU8: 52 | NV8: 58 | NW8: 48 | NX8: 40 | NY8: 39 | NZ8: 50 | OA8: 48 | OB8: 39 | OC8: 32 | OD8: 44 | OE8: 49 | OF8: 43 | OG8: 41 | OH8: 38 | OI8: 31 | OJ8: 43 | OK8: 31 | OL8: 31 | OM8: 28 | ON8: 36 | OO8: 39 | OP8: 30 | OQ8: 24 | OR8: 24 | OS8: 32 | OT8: 23 | OU8: 30 | OV8: 24 | OW8: 22 | OX8: 24 | OY8: 16 | OZ8: 22 | PA8: 13 | PB8: 17 | PC8: 13 | PD8: 17 | PE8: 11 | PF8: 19 | PG8: 24 | PH8: 7 | PI8: 18 | PJ8: 9 | PK8: 17 | PL8: 12 | PM8: 13 | PN8: 11 | PO8: 17 | PP8: 9 | PQ8: 7 | PR8: 8 | PS8: 11 | PT8: 7 | PU8: 11 | PV8: 10 | PW8: 6 | PX8: 9 | PY8: 6 | PZ8: 5 | QA8: 4 | QB8: 6 | QC8: 6 | QD8: 3 | QE8: 7 | QF8: 6 | QG8: 5 | QH8: 5 | QI8: 4 | QJ8: 13 | QK8: 5 | QL8: 3 | QM8: 8 | QN8: 6 | QO8: 3 | QP8: 10 | QQ8: 6 | QR8: 11 | QS8: 12 | QT8: 6 | QU8: 3 | QV8: 5 | QW8: 9 | QX8: 11 | QY8: 12 | QZ8: 5 | RA8: 4 | RB8: 10 | RC8: 13 | RD8: 6 | RE8: 8 | RF8: 16 | RG8: 19 | RH8: 9 | RI8: 11 | RJ8: 23 | RK8: 21 | RL8: 19 | RM8: 22 | RN8: 14 | RO8: 23 | RP8: 29 | RQ8: 22 | RR8: 31 | RS8: 22 | RT8: 31 | RU8: 32 | RV8: 25 | RW8: 31 | RX8: 34 | RY8: 36 | RZ8: 43 | SA8: 45 | SB8: 39 | SC8: 40 | SD8: 39 | SE8: 53 | SF8: 47 | SG8: 50 | SH8: 54 | SI8: 65 | SJ8: 55 | SK8: 70 | SL8: 64 | SM8: 83 | SN8: 60 | SO8: 70 | SP8: 65 | SQ8: 65 | SR8: 59 | SS8: 76 | ST8: 64 | SU8: 80 | SV8: 78 | SW8: 61 | SX8: 81 | SY8: 80 | SZ8: 73 | TA8: 73 | TB8: 72 | TC8: 69 | TD8: 55 | TE8: 66 | TF8: 54 | TG8: 64 | TH8: 79 | TI8: 65 | TJ8: 52 | TK8: 65 | TL8: 46 | TM8: 55 | TN8: 55 | TO8: 55 | TP8: 56 | TQ8: 56 | TR8: 60 | TS8: 41 | TT8: 47 | TU8: 53 | TV8: 48 | TW8: 51 | TX8: 54 | TY8: 53 | TZ8: 43 | UA8: 36 | UB8: 42 | UC8: 57 | UD8: 41 | UE8: 40 | UF8: 38 | UG8: 35 | UH8: 25 | UI8: 25 | UJ8: 33 | UK8: 29 | UL8: 30 | UM8: 27 | UN8: 28 | UO8: 33 | UP8: 25 | UQ8: 38 | UR8: 16 | US8: 17 | UT8: 18 | UU8: 30 | UV8: 20 | UW8: 25 | UX8: 25 | UY8: 22 | UZ8: 16 | VA8: 15 | VB8: 23 | VC8: 17 | VD8: 13 | VE8: 23 | VF8: 20 | VG8: 11 | VH8: 12 | VI8: 20 | VJ8: 18 | VK8: 10 | VL8: 8 | VM8: 13 | VN8: 15 | VO8: 17 | VP8: 10 | VQ8: 5 | VR8: 18 | VS8: 13 | VT8: 7 | VU8: 5 | VV8: 6 | VW8: 13 | VX8: 9 | VY8: 7 | VZ8: 14 | WA8: 6 | WB8: 5 | WC8: 6 | WD8: 15 | WE8: 3 | WF8: 7 | WG8: 10 | WH8: 10 | WI8: 4 | WJ8: 3 | WK8: 4 | WL8: 3 | WM8: 8 | WN8: 6 | WO8: 7 | WP8: 6 | WQ8: 8 | WR8: 5 | WS8: 5 | WT8: 6 | WU8: 4 | WV8: 6 | WW8: 4 | WX8: 5 | WY8: 8 | WZ8: 8 | XA8: 1 | XB8: 7 | XC8: 5 | XD8: 8 | XE8: 1 | XF8: 6 | XG8: 3 | XH8: 6 | XI8: 5 | XJ8: 3 | XK8: 10 | XL8: 3 | XM8: 2 | XN8: 5 | XO8: 3 | XP8: 10 | XQ8: 4 | XR8: 2 | XS8: 4 | XT8: 7 | XU8: 5 | XV8: 3 | XW8: 5 | XX8: 4 | XY8: 8 | XZ8: 2 | YA8: 5 | YB8: 2 | YC8: 1 | YD8: 5 | YE8: 3 | YF8: 1 | YG8: 5 | YH8: 7 | YI8: 5 | YJ8: 8 | YK8: 7 | YL8: 5 | YM8: 7 | YN8: 9 | YO8: 12 | YP8: 6 | YQ8: 10 | YR8: 16 | YS8: 17 | YT8: 24 | YU8: 20 | YV8: 36 | YW8: 25 | YX8: 38 | YY8: 38 | YZ8: 47 | ZA8: 40 | ZB8: 40 | ZC8: 42 | ZD8: 47 | ZE8: 45 | ZF8: 60 | ZG8: 63 | ZH8: 65 | ZI8: 53 | ZJ8: 44 | ZK8: 77 | ZL8: 64 | ZM8: 52 | ZN8: 58 | ZO8: 64 | ZP8: 55 | ZQ8: 47 | ZR8: 49 | ZS8: 48 | ZT8: 51 | ZU8: 42 | ZV8: 47 | ZW8: 44 | ZX8: 29 | ZY8: 30 | ZZ8: 38 | AAA8: 38 | AAB8: 27 | AAC8: 30 | AAD8: 32 | AAE8: 22 | AAF8: 34 | AAG8: 19 | AAH8: 22 | AAI8: 22 | AAJ8: 16 | AAK8: 21 | AAL8: 17 | AAM8: 22 | AAN8: 18 | AAO8: 12 | AAP8: 8 | AAQ8: 19 | AAR8: 12 | AAS8: 13 | AAT8: 5 | AAU8: 3 | AAV8: 9 | AAW8: 8 | AAX8: 13 | AAY8: 8 | AAZ8: 3 | ABA8: 5 | ABB8: 5 | ABC8: 2 | ABD8: 1 | ABE8: 3 | ABF8: 3 | ABG8: 6 | ABH8: 5 | ABI8: 9 | ABJ8: 1 | ABK8: 4 | ABL8: 1 | ABM8: 2 | ABN8: 3 | ABO8: 2 | ABP8: 2 | ABQ8: 3 | ABR8: 2 | ABS8: 2 | ABT8: 1 | ABU8: 3 | ABV8: 0 | ABW8: 2 | ABX8: 5 | ABY8: 2 | ABZ8: 3 | ACA8: 2 | ACB8: 2 | ACC8: 1 | ACD8: 2 | ACE8: 0 | ACF8: 2 | ACG8: 2 | ACH8: 1 | ACI8: 2 | ACJ8: 1 | ACK8: 1 | ACL8: 0 | ACM8: 0 | ACN8: 2 | ACO8: 3 | ACP8: 0 | ACQ8: 1 | ACR8: 0 | ACS8: 0 | ACT8: 1 | ACU8: 1 | ACV8: 0 | ACW8: 1 | ACX8: 0 | ACY8: 1 | ACZ8: 1 | ADA8: 0 | ADB8: 0 | ADC8: 1 | ADD8: 0 | ADE8: 0 | ADF8: 0 | ADG8: 1 | ADH8: 2 | ADI8: 1 | ADJ8: 0 | ADK8: 0 | ADL8: 1 | ADM8: 1 | ADN8: 1 | ADO8: 1 | ADP8: 1 | ADQ8: 1 | ADR8: 0 | ADS8: 0 | ADT8: 2 | ADU8: 2 | ADV8: 0 | ADW8: 0 | ADX8: 0 | ADY8: 0 | ADZ8: 0 | AEA8: 0 | AEB8: 1 | AEC8: 2 | AED8: 1 | AEE8: 1 | AEF8: 2 | AEG8: 0 | AEH8: 0 | AEI8: 1 | AEJ8: 2 | AEK8: 0 | AEL8: 1 | AEM8: 1 | AEN8: 1 | AEO8: 3 | AEP8: 1 | AEQ8: 4 | AER8: 1 | AES8: 2 | AET8: 1 | AEU8: 5 | AEV8: 3 | AEW8: 3 | AEX8: 4 | AEY8: 5 | AEZ8: 3 | AFA8: 6 | AFB8: 5 | AFC8: 7 | AFD8: 8 | AFE8: 2 | AFF8: 8 | AFG8: 3 | AFH8: 6 | AFI8: 7 | AFJ8: 8 | AFK8: 7 | AFL8: 3 | AFM8: 9 | AFN8: 4 | AFO8: 4 | AFP8: 14 | AFQ8: 19 | AFR8: 9 | AFS8: 9 | AFT8: 16 | AFU8: 15 | AFV8: 14 | AFW8: 13 | AFX8: 23 | AFY8: 23 | AFZ8: 18 | AGA8: 18 | AGB8: 13 | AGC8: 15 | AGD8: 12 | AGE8: 7 | AGF8: 17 | AGG8: 17 | AGH8: 13 | AGI8: 17 | AGJ8: 15 | AGK8: 8 | AGL8: 7 | AGM8: 12 | AGN8: 11 | AGO8: 8 | AGP8: 4 | AGQ8: 10 | AGR8: 8 | AGS8: 4 | AGT8: 6 | AGU8: 13 | AGV8: 13 | AGW8: 7 | AGX8: 13 | AGY8: 4 | AGZ8: 4 | AHA8: 7 | AHB8: 4 | AHC8: 7 | AHD8: 2 | AHE8: 6 | AHF8: 8 | AHG8: 5 | AHH8: 7 | AHI8: 5 | AHJ8: 5 | AHK8: 5 | AHL8: 2 | AHM8: 3 | AHN8: 5 | AHO8: 2 | AHP8: 5 | AHQ8: 1 | AHR8: 4 | AHS8: 3 | AHT8: 3 | AHU8: 0 | AHV8: 1 | AHW8: 0 | AHX8: 3 | AHY8: 3 | AHZ8: 1 | AIA8: 4 | AIB8: 0 | AIC8: 2 | AID8: 0 | AIE8: 1 | AIF8: 1 | AIG8: 1 | AIH8: 2 | AII8: 2 | AIJ8: 0 | AIK8: 0 | AIL8: 1 | AIM8: 0 | AIN8: 0 | AIO8: 1 | AIP8: 2 | AIQ8: 0 | AIR8: 2 | AIS8: 1 | AIT8: 0 | AIU8: 0 | AIV8: 2 | AIW8: 3 | AIX8: 1 | AIY8: 4 | AIZ8: 1 | AJA8: 0 | AJB8: 0 | AJC8: 1 | AJD8: 0 | AJE8: 1 | AJF8: 0 | AJG8: 1 | AJH8: 1 | AJI8: 0 | AJJ8: 0 | AJK8: 0 | AJL8: 0 | AJM8: 0 | AJN8: 1 | AJO8: 1 | AJP8: 1 | AJQ8: 0 | AJR8: 1 | AJS8: 1 | AJT8: 2 | AJU8: 0 | AJV8: 0 | AJW8: 0 | AJX8: 0 | AJY8: 0 | AJZ8: 0 | AKA8: 1 | AKB8: 0 | AKC8: 2 | AKD8: 1 | AKE8: 0 | AKF8: 0 | AKG8: 0 | AKH8: 0 | AKI8: 0 | AKJ8: 0 | AKK8: 2 | AKL8: 1 | AKM8: 1 | AKN8: 0 | AKO8: 0 | AKP8: 1 | AKQ8: 0 | AKR8: 1 | AKS8: 0 | AKT8: 0 | AKU8: 0 | AKV8: 0 | AKW8: 0 | AKX8: 0 | AKY8: 0 | AKZ8: 0 | ALA8: 0 | ALB8: 2 | ALC8: 2 | ALD8: 1 | ALE8: 1 | ALF8: 0 | ALG8: 0 | ALH8: 2 | ALI8: 1 | ALJ8: 2 | ALK8: 1 | ALL8: 1 | ALM8: 1 | ALN8: 1 | ALO8: 3 | ALP8: 3 | ALQ8: 4 | ALR8: 0 | ALS8: 4 | ALT8: 1 | ALU8: 3 | ALV8: 3 | ALW8: 5 | ALX8: 4 | ALY8: 1 | ALZ8: 6 | AMA8: 5 | AMB8: 6 | AMC8: 7 | AMD8: 7 | AME8: 8 | AMF8: 4 | AMG8: 10 | AMH8: 6 | AMI8: 5 | AMJ8: 3 | AMK8: 4 | AML8: 8 | AMM8: 7 | AMN8: 16 | AMO8: 9 | AMP8: 9 | AMQ8: 13 | AMR8: 14 | AMS8: 5 | AMT8: 11 | AMU8: 9 | AMV8: 10 | AMW8: 7 | AMX8: 7 | AMY8: 5 | AMZ8: 7 | ANA8: 8 | ANB8: 4 | ANC8: 8 | AND8: 5 | ANE8: 11 | ANF8: 7 | ANG8: 5 | ANH8: 5 | ANI8: 4 | ANJ8: 2 | ANK8: 5 | ANL8: 5 | ANM8: 7 | ANN8: 2 | ANO8: 4 | ANP8: 3 | ANQ8: 4 | ANR8: 5 | ANS8: 1 | ANT8: 3 | ANU8: 4 | ANV8: 1 | ANW8: 3 | ANX8: 2 | ANY8: 1 | ANZ8: 6 | AOA8: 1 | AOB8: 1 | AOC8: 2 | AOD8: 2 | AOE8: 6 | AOF8: 2 | AOG8: 4 | AOH8: 1 | AOI8: 0 | AOJ8: 2 | AOK8: 2 | AOL8: 0 | AOM8: 2 | AON8: 1 | AOO8: 4 | AOP8: 4 | AOQ8: 1 | AOR8: 3 | AOS8: 1 | AOT8: 2 | AOU8: 2 | AOV8: 5 | AOW8: 2 | AOX8: 2 | AOY8: 2 | AOZ8: 2 | APA8: 2 | APB8: 1 | APC8: 2 | APD8: 4 | APE8: 2 | APF8: 5 | APG8: 0 | APH8: 3 | API8: 4 | APJ8: 1 | APK8: 5 | APL8: 1 | APM8: 1 | APN8: 7 | APO8: 3 | APP8: 2 | APQ8: 1 | APR8: 2 | APS8: 3 | APT8: 2 | APU8: 3 | APV8: 4 | APW8: 4 | APX8: 2 | APY8: 4 | APZ8: 1 | AQA8: 3 | AQB8: 2 | AQC8: 4 | AQD8: 4 | AQE8: 2 | AQF8: 1 | AQG8: 2 | AQH8: 2 | AQI8: 1 | AQJ8: 1 | AQK8: 1 | AQL8: 2 | AQM8: 1 | AQN8: 3 | AQO8: 1 | AQP8: 1 | AQQ8: 2 | AQR8: 1 | AQS8: 1 | AQT8: 1 | AQU8: 0 | AQV8: 2 | AQW8: 0 | AQX8: 1 | AQY8: 3 | AQZ8: 2 | ARA8: 1 | ARB8: 0 | ARC8: 2 | ARD8: 3 | ARE8: 1 | ARF8: 1 | ARG8: 1 | ARH8: 0 | ARI8: 0 | ARJ8: 2 | ARK8: 0 | ARL8: 1 | ARM8: 1 | ARN8: 1 | ARO8: 0 | ARP8: 0 | ARQ8: 1 | ARR8: 1 | ARS8: 1 | ART8: 1 | ARU8: 1 | ARV8: 1 | ARW8: 2 | ARX8: 1 | ARY8: 3 | ARZ8: 0 | ASA8: 0 | ASB8: 0 | ASC8: 3 | ASD8: 1 | ASE8: 1 | ASF8: 1 | ASG8: 1 | ASH8: 1 | ASI8: 0 | ASJ8: 0 | ASK8: 1 | ASL8: 0 | ASM8: 0 | ASN8: 0 | ASO8: 0 | ASP8: 0 | ASQ8: 0 | ASR8: 1 | ASS8: 0 | AST8: 0 | ASU8: 1 | ASV8: 0 | ASW8: 0 | ASX8: 0 | ASY8: 0 | ASZ8: 0 | ATA8: 0
A9: 05 | B9: 3218720 | C9: COAHUILA | D9: 0 | E9: 0 | F9: 0 | G9: 0 | H9: 0 | I9: 0 | J9: 0 | K9: 0 | L9: 0 | M9: 0 | N9: 1 | O9: 1 | P9: 0 | Q9: 1 | R9: 2 | S9: 3 | T9: 2 | U9: 2 | V9: 1 | W9: 2 | X9: 1 | Y9: 4 | Z9: 0 | AA9: 1 | AB9: 1 | AC9: 1 | AD9: 0 | AE9: 1 | AF9: 5 | AG9: 1 | AH9: 4 | AI9: 1 | AJ9: 0 | AK9: 2 | AL9: 4 | AM9: 2 | AN9: 3 | AO9: 2 | AP9: 2 | AQ9: 2 | AR9: 3 | AS9: 0 | AT9: 2 | AU9: 0 | AV9: 0 | AW9: 1 | AX9: 1 | AY9: 2 | AZ9: 4 | BA9: 1 | BB9: 3 | BC9: 1 | BD9: 1 | BE9: 1 | BF9: 2 | BG9: 3 | BH9: 0 | BI9: 0 | BJ9: 1 | BK9: 3 | BL9: 4 | BM9: 2 | BN9: 0 | BO9: 0 | BP9: 2 | BQ9: 1 | BR9: 1 | BS9: 2 | BT9: 6 | BU9: 2 | BV9: 3 | BW9: 0 | BX9: 3 | BY9: 6 | BZ9: 3 | CA9: 1 | CB9: 2 | CC9: 2 | CD9: 5 | CE9: 3 | CF9: 6 | CG9: 4 | CH9: 8 | CI9: 7 | CJ9: 4 | CK9: 6 | CL9: 9 | CM9: 4 | CN9: 5 | CO9: 8 | CP9: 6 | CQ9: 8 | CR9: 12 | CS9: 3 | CT9: 6 | CU9: 5 | CV9: 15 | CW9: 8 | CX9: 6 | CY9: 14 | CZ9: 8 | DA9: 13 | DB9: 11 | DC9: 10 | DD9: 22 | DE9: 18 | DF9: 16 | DG9: 13 | DH9: 23 | DI9: 22 | DJ9: 11 | DK9: 16 | DL9: 20 | DM9: 17 | DN9: 19 | DO9: 13 | DP9: 17 | DQ9: 15 | DR9: 21 | DS9: 26 | DT9: 29 | DU9: 27 | DV9: 20 | DW9: 19 | DX9: 22 | DY9: 25 | DZ9: 30 | EA9: 23 | EB9: 24 | EC9: 16 | ED9: 23 | EE9: 16 | EF9: 20 | EG9: 28 | EH9: 19 | EI9: 36 | EJ9: 20 | EK9: 35 | EL9: 23 | EM9: 29 | EN9: 28 | EO9: 26 | EP9: 23 | EQ9: 31 | ER9: 21 | ES9: 20 | ET9: 31 | EU9: 22 | EV9: 36 | EW9: 20 | EX9: 20 | EY9: 21 | EZ9: 27 | FA9: 23 | FB9: 28 | FC9: 17 | FD9: 15 | FE9: 24 | FF9: 18 | FG9: 14 | FH9: 19 | FI9: 15 | FJ9: 20 | FK9: 16 | FL9: 30 | FM9: 15 | FN9: 17 | FO9: 29 | FP9: 20 | FQ9: 21 | FR9: 15 | FS9: 18 | FT9: 16 | FU9: 13 | FV9: 20 | FW9: 16 | FX9: 19 | FY9: 14 | FZ9: 24 | GA9: 19 | GB9: 12 | GC9: 20 | GD9: 13 | GE9: 10 | GF9: 15 | GG9: 7 | GH9: 18 | GI9: 14 | GJ9: 10 | GK9: 19 | GL9: 10 | GM9: 13 | GN9: 18 | GO9: 10 | GP9: 12 | GQ9: 16 | GR9: 8 | GS9: 10 | GT9: 12 | GU9: 7 | GV9: 21 | GW9: 7 | GX9: 10 | GY9: 10 | GZ9: 9 | HA9: 12 | HB9: 14 | HC9: 12 | HD9: 12 | HE9: 18 | HF9: 10 | HG9: 19 | HH9: 19 | HI9: 15 | HJ9: 21 | HK9: 17 | HL9: 18 | HM9: 22 | HN9: 21 | HO9: 22 | HP9: 26 | HQ9: 25 | HR9: 32 | HS9: 35 | HT9: 35 | HU9: 21 | HV9: 27 | HW9: 30 | HX9: 23 | HY9: 29 | HZ9: 38 | IA9: 25 | IB9: 39 | IC9: 47 | ID9: 31 | IE9: 25 | IF9: 34 | IG9: 53 | IH9: 42 | II9: 27 | IJ9: 46 | IK9: 47 | IL9: 38 | IM9: 32 | IN9: 33 | IO9: 41 | IP9: 33 | IQ9: 33 | IR9: 45 | IS9: 38 | IT9: 42 | IU9: 36 | IV9: 40 | IW9: 32 | IX9: 23 | IY9: 44 | IZ9: 47 | JA9: 45 | JB9: 35 | JC9: 32 | JD9: 27 | JE9: 31 | JF9: 23 | JG9: 24 | JH9: 36 | JI9: 23 | JJ9: 32 | JK9: 35 | JL9: 40 | JM9: 32 | JN9: 21 | JO9: 27 | JP9: 31 | JQ9: 18 | JR9: 30 | JS9: 25 | JT9: 31 | JU9: 19 | JV9: 21 | JW9: 32 | JX9: 35 | JY9: 24 | JZ9: 25 | KA9: 33 | KB9: 23 | KC9: 27 | KD9: 27 | KE9: 22 | KF9: 22 | KG9: 27 | KH9: 39 | KI9: 35 | KJ9: 32 | KK9: 34 | KL9: 26 | KM9: 32 | KN9: 21 | KO9: 32 | KP9: 37 | KQ9: 38 | KR9: 41 | KS9: 31 | KT9: 24 | KU9: 53 | KV9: 30 | KW9: 35 | KX9: 35 | KY9: 58 | KZ9: 39 | LA9: 46 | LB9: 29 | LC9: 44 | LD9: 31 | LE9: 34 | LF9: 52 | LG9: 40 | LH9: 23 | LI9: 25 | LJ9: 33 | LK9: 30 | LL9: 17 | LM9: 27 | LN9: 33 | LO9: 18 | LP9: 25 | LQ9: 22 | LR9: 30 | LS9: 11 | LT9: 14 | LU9: 21 | LV9: 18 | LW9: 23 | LX9: 17 | LY9: 9 | LZ9: 17 | MA9: 13 | MB9: 17 | MC9: 12 | MD9: 9 | ME9: 12 | MF9: 5 | MG9: 12 | MH9: 16 | MI9: 8 | MJ9: 10 | MK9: 9 | ML9: 9 | MM9: 11 | MN9: 9 | MO9: 12 | MP9: 4 | MQ9: 4 | MR9: 10 | MS9: 4 | MT9: 8 | MU9: 10 | MV9: 4 | MW9: 8 | MX9: 4 | MY9: 8 | MZ9: 5 | NA9: 5 | NB9: 3 | NC9: 6 | ND9: 7 | NE9: 7 | NF9: 3 | NG9: 6 | NH9: 4 | NI9: 3 | NJ9: 4 | NK9: 5 | NL9: 1 | NM9: 2 | NN9: 2 | NO9: 3 | NP9: 3 | NQ9: 2 | NR9: 5 | NS9: 3 | NT9: 2 | NU9: 4 | NV9: 3 | NW9: 2 | NX9: 6 | NY9: 4 | NZ9: 2 | OA9: 1 | OB9: 3 | OC9: 0 | OD9: 0 | OE9: 2 | OF9: 3 | OG9: 3 | OH9: 4 | OI9: 1 | OJ9: 2 | OK9: 0 | OL9: 1 | OM9: 3 | ON9: 3 | OO9: 0 | OP9: 5 | OQ9: 1 | OR9: 0 | OS9: 2 | OT9: 0 | OU9: 1 | OV9: 5 | OW9: 1 | OX9: 1 | OY9: 4 | OZ9: 2 | PA9: 1 | PB9: 0 | PC9: 1 | PD9: 1 | PE9: 3 | PF9: 3 | PG9: 2 | PH9: 1 | PI9: 2 | PJ9: 2 | PK9: 1 | PL9: 2 | PM9: 0 | PN9: 1 | PO9: 0 | PP9: 2 | PQ9: 1 | PR9: 1 | PS9: 0 | PT9: 1 | PU9: 3 | PV9: 3 | PW9: 0 | PX9: 2 | PY9: 0 | PZ9: 1 | QA9: 1 | QB9: 2 | QC9: 1 | QD9: 2 | QE9: 0 | QF9: 1 | QG9: 1 | QH9: 0 | QI9: 1 | QJ9: 1 | QK9: 0 | QL9: 0 | QM9: 4 | QN9: 0 | QO9: 1 | QP9: 0 | QQ9: 0 | QR9: 1 | QS9: 1 | QT9: 2 | QU9: 0 | QV9: 3 | QW9: 0 | QX9: 0 | QY9: 1 | QZ9: 4 | RA9: 2 | RB9: 1 | RC9: 4 | RD9: 1 | RE9: 0 | RF9: 1 | RG9: 2 | RH9: 2 | RI9: 3 | RJ9: 2 | RK9: 0 | RL9: 0 | RM9: 1 | RN9: 0 | RO9: 1 | RP9: 1 | RQ9: 0 | RR9: 1 | RS9: 1 | RT9: 2 | RU9: 3 | RV9: 1 | RW9: 0 | RX9: 2 | RY9: 2 | RZ9: 1 | SA9: 1 | SB9: 2 | SC9: 1 | SD9: 2 | SE9: 2 | SF9: 3 | SG9: 5 | SH9: 7 | SI9: 4 | SJ9: 7 | SK9: 4 | SL9: 4 | SM9: 7 | SN9: 8 | SO9: 5 | SP9: 9 | SQ9: 2 | SR9: 10 | SS9: 2 | ST9: 6 | SU9: 13 | SV9: 13 | SW9: 12 | SX9: 9 | SY9: 13 | SZ9: 12 | TA9: 11 | TB9: 5 | TC9: 13 | TD9: 11 | TE9: 9 | TF9: 15 | TG9: 8 | TH9: 9 | TI9: 8 | TJ9: 7 | TK9: 12 | TL9: 12 | TM9: 10 | TN9: 14 | TO9: 20 | TP9: 14 | TQ9: 15 | TR9: 16 | TS9: 9 | TT9: 24 | TU9: 13 | TV9: 14 | TW9: 4 | TX9: 6 | TY9: 12 | TZ9: 10 | UA9: 9 | UB9: 10 | UC9: 12 | UD9: 15 | UE9: 7 | UF9: 7 | UG9: 12 | UH9: 8 | UI9: 5 | UJ9: 17 | UK9: 10 | UL9: 18 | UM9: 11 | UN9: 10 | UO9: 8 | UP9: 8 | UQ9: 8 | UR9: 7 | US9: 5 | UT9: 12 | UU9: 10 | UV9: 9 | UW9: 7 | UX9: 11 | UY9: 8 | UZ9: 8 | VA9: 6 | VB9: 10 | VC9: 10 | VD9: 9 | VE9: 13 | VF9: 10 | VG9: 13 | VH9: 10 | VI9: 4 | VJ9: 8 | VK9: 10 | VL9: 4 | VM9: 5 | VN9: 3 | VO9: 3 | VP9: 7 | VQ9: 8 | VR9: 10 | VS9: 6 | VT9: 0 | VU9: 6 | VV9: 8 | VW9: 5 | VX9: 3 | VY9: 7 | VZ9: 7 | WA9: 6 | WB9: 5 | WC9: 3 | WD9: 3 | WE9: 6 | WF9: 6 | WG9: 8 | WH9: 7 | WI9: 4 | WJ9: 8 | WK9: 5 | WL9: 9 | WM9: 3 | WN9: 11 | WO9: 11 | WP9: 4 | WQ9: 4 | WR9: 6 | WS9: 15 | WT9: 9 | WU9: 5 | WV9: 10 | WW9: 9 | WX9: 10 | WY9: 11 | WZ9: 7 | XA9: 15 | XB9: 7 | XC9: 7 | XD9: 13 | XE9: 7 | XF9: 13 | XG9: 9 | XH9: 7 | XI9: 10 | XJ9: 9 | XK9: 0 | XL9: 4 | XM9: 7 | XN9: 6 | XO9: 5 | XP9: 3 | XQ9: 7 | XR9: 11 | XS9: 11 | XT9: 6 | XU9: 8 | XV9: 7 | XW9: 6 | XX9: 6 | XY9: 12 | XZ9: 6 | YA9: 7 | YB9: 2 | YC9: 7 | YD9: 10 | YE9: 5 | YF9: 6 | YG9: 6 | YH9: 9 | YI9: 4 | YJ9: 12 | YK9: 13 | YL9: 5 | YM9: 11 | YN9: 8 | YO9: 9 | YP9: 10 | YQ9: 8 | YR9: 11 | YS9: 15 | YT9: 11 | YU9: 8 | YV9: 13 | YW9: 15 | YX9: 10 | YY9: 19 | YZ9: 21 | ZA9: 29 | ZB9: 20 | ZC9: 22 | ZD9: 29 | ZE9: 30 | ZF9: 33 | ZG9: 40 | ZH9: 32 | ZI9: 35 | ZJ9: 29 | ZK9: 22 | ZL9: 30 | ZM9: 32 | ZN9: 34 | ZO9: 20 | ZP9: 19 | ZQ9: 31 | ZR9: 21 | ZS9: 12 | ZT9: 17 | ZU9: 17 | ZV9: 23 | ZW9: 8 | ZX9: 10 | ZY9: 15 | ZZ9: 16 | AAA9: 13 | AAB9: 5 | AAC9: 9 | AAD9: 11 | AAE9: 3 | AAF9: 2 | AAG9: 9 | AAH9: 7 | AAI9: 5 | AAJ9: 3 | AAK9: 2 | AAL9: 3 | AAM9: 3 | AAN9: 1 | AAO9: 0 | AAP9: 2 | AAQ9: 1 | AAR9: 2 | AAS9: 1 | AAT9: 0 | AAU9: 3 | AAV9: 1 | AAW9: 2 | AAX9: 2 | AAY9: 1 | AAZ9: 1 | ABA9: 2 | ABB9: 0 | ABC9: 0 | ABD9: 1 | ABE9: 3 | ABF9: 2 | ABG9: 0 | ABH9: 1 | ABI9: 1 | ABJ9: 0 | ABK9: 0 | ABL9: 0 | ABM9: 0 | ABN9: 1 | ABO9: 1 | ABP9: 0 | ABQ9: 0 | ABR9: 1 | ABS9: 0 | ABT9: 0 | ABU9: 0 | ABV9: 0 | ABW9: 0 | ABX9: 0 | ABY9: 0 | ABZ9: 0 | ACA9: 0 | ACB9: 0 | ACC9: 0 | ACD9: 0 | ACE9: 1 | ACF9: 0 | ACG9: 0 | ACH9: 0 | ACI9: 1 | ACJ9: 0 | ACK9: 0 | ACL9: 0 | ACM9: 0 | ACN9: 0 | ACO9: 0 | ACP9: 0 | ACQ9: 0 | ACR9: 0 | ACS9: 0 | ACT9: 0 | ACU9: 0 | ACV9: 0 | ACW9: 0 | ACX9: 1 | ACY9: 1 | ACZ9: 0 | ADA9: 0 | ADB9: 0 | ADC9: 0 | ADD9: 0 | ADE9: 0 | ADF9: 0 | ADG9: 0 | ADH9: 1 | ADI9: 0 | ADJ9: 0 | ADK9: 0 | ADL9: 0 | ADM9: 0 | ADN9: 0 | ADO9: 0 | ADP9: 0 | ADQ9: 0 | ADR9: 0 | ADS9: 0 | ADT9: 0 | ADU9: 0 | ADV9: 0 | ADW9: 0 | ADX9: 0 | ADY9: 0 | ADZ9: 0 | AEA9: 0 | AEB9: 0 | AEC9: 0 | AED9: 0 | AEE9: 0 | AEF9: 0 | AEG9: 0 | AEH9: 0 | AEI9: 0 | AEJ9: 0 | AEK9: 0 | AEL9: 1 | AEM9: 1 | AEN9: 0 | AEO9: 0 | AEP9: 0 | AEQ9: 1 | AER9: 0 | AES9: 0 | AET9: 0 | AEU9: 0 | AEV9: 0 | AEW9: 1 | AEX9: 0 | AEY9: 0 | AEZ9: 0 | AFA9: 0 | AFB9: 0 | AFC9: 0 | AFD9: 2 | AFE9: 1 | AFF9: 0 | AFG9: 1 | AFH9: 1 | AFI9: 1 | AFJ9: 0 | AFK9: 1 | AFL9: 3 | AFM9: 0 | AFN9: 1 | AFO9: 2 | AFP9: 1 | AFQ9: 1 | AFR9: 1 | AFS9: 3 | AFT9: 2 | AFU9: 1 | AFV9: 3 | AFW9: 2 | AFX9: 1 | AFY9: 1 | AFZ9: 2 | AGA9: 3 | AGB9: 3 | AGC9: 1 | AGD9: 4 | AGE9: 2 | AGF9: 1 | AGG9: 5 | AGH9: 4 | AGI9: 3 | AGJ9: 2 | AGK9: 1 | AGL9: 2 | AGM9: 2 | AGN9: 2 | AGO9: 5 | AGP9: 5 | AGQ9: 6 | AGR9: 3 | AGS9: 2 | AGT9: 4 | AGU9: 2 | AGV9: 2 | AGW9: 3 | AGX9: 3 | AGY9: 0 | AGZ9: 0 | AHA9: 0 | AHB9: 2 | AHC9: 0 | AHD9: 1 | AHE9: 1 | AHF9: 3 | AHG9: 3 | AHH9: 0 | AHI9: 1 | AHJ9: 1 | AHK9: 0 | AHL9: 1 | AHM9: 1 | AHN9: 1 | AHO9: 1 | AHP9: 1 | AHQ9: 0 | AHR9: 1 | AHS9: 0 | AHT9: 0 | AHU9: 0 | AHV9: 0 | AHW9: 1 | AHX9: 0 | AHY9: 1 | AHZ9: 0 | AIA9: 0 | AIB9: 0 | AIC9: 0 | AID9: 1 | AIE9: 0 | AIF9: 0 | AIG9: 1 | AIH9: 0 | AII9: 0 | AIJ9: 1 | AIK9: 0 | AIL9: 1 | AIM9: 1 | AIN9: 0 | AIO9: 0 | AIP9: 0 | AIQ9: 0 | AIR9: 0 | AIS9: 0 | AIT9: 0 | AIU9: 0 | AIV9: 0 | AIW9: 0 | AIX9: 0 | AIY9: 0 | AIZ9: 1 | AJA9: 0 | AJB9: 0 | AJC9: 0 | AJD9: 0 | AJE9: 0 | AJF9: 0 | AJG9: 0 | AJH9: 0 | AJI9: 0 | AJJ9: 0 | AJK9: 0 | AJL9: 0 | AJM9: 0 | AJN9: 0 | AJO9: 0 | AJP9: 1 | AJQ9: 0 | AJR9: 1 | AJS9: 0 | AJT9: 0 | AJU9: 0 | AJV9: 0 | AJW9: 0 | AJX9: 0 | AJY9: 0 | AJZ9: 0 | AKA9: 0 | AKB9: 0 | AKC9: 0 | AKD9: 0 | AKE9: 0 | AKF9: 0 | AKG9: 0 | AKH9: 0 | AKI9: 1 | AKJ9: 0 | AKK9: 0 | AKL9: 0 | AKM9: 0 | AKN9: 0 | AKO9: 0 | AKP9: 0 | AKQ9: 0 | AKR9: 0 | AKS9: 0 | AKT9: 0 | AKU9: 0 | AKV9: 0 | AKW9: 0 | AKX9: 0 | AKY9: 0 | AKZ9: 0 | ALA9: 0 | ALB9: 0 | ALC9: 0 | ALD9: 0 | ALE9: 0 | ALF9: 0 | ALG9: 0 | ALH9: 0 | ALI9: 2 | ALJ9: 2 | ALK9: 0 | ALL9: 0 | ALM9: 0 | ALN9: 1 | ALO9: 0 | ALP9: 0 | ALQ9: 0 | ALR9: 0 | ALS9: 0 | ALT9: 0 | ALU9: 1 | ALV9: 0 | ALW9: 0 | ALX9: 0 | ALY9: 0 | ALZ9: 1 | AMA9: 1 | AMB9: 1 | AMC9: 1 | AMD9: 0 | AME9: 0 | AMF9: 0 | AMG9: 0 | AMH9: 2 | AMI9: 1 | AMJ9: 1 | AMK9: 0 | AML9: 1 | AMM9: 3 | AMN9: 3 | AMO9: 1 | AMP9: 1 | AMQ9: 0 | AMR9: 1 | AMS9: 1 | AMT9: 0 | AMU9: 2 | AMV9: 1 | AMW9: 0 | AMX9: 1 | AMY9: 0 | AMZ9: 2 | ANA9: 2 | ANB9: 4 | ANC9: 3 | AND9: 3 | ANE9: 1 | ANF9: 1 | ANG9: 1 | ANH9: 1 | ANI9: 1 | ANJ9: 0 | ANK9: 0 | ANL9: 0 | ANM9: 1 | ANN9: 0 | ANO9: 0 | ANP9: 2 | ANQ9: 1 | ANR9: 1 | ANS9: 0 | ANT9: 1 | ANU9: 0 | ANV9: 1 | ANW9: 0 | ANX9: 0 | ANY9: 0 | ANZ9: 1 | AOA9: 1 | AOB9: 1 | AOC9: 0 | AOD9: 1 | AOE9: 1 | AOF9: 0 | AOG9: 0 | AOH9: 0 | AOI9: 5 | AOJ9: 0 | AOK9: 0 | AOL9: 2 | AOM9: 0 | AON9: 2 | AOO9: 0 | AOP9: 0 | AOQ9: 0 | AOR9: 0 | AOS9: 0 | AOT9: 0 | AOU9: 0 | AOV9: 0 | AOW9: 3 | AOX9: 2 | AOY9: 3 | AOZ9: 0 | APA9: 0 | APB9: 0 | APC9: 0 | APD9: 1 | APE9: 0 | APF9: 0 | APG9: 0 | APH9: 0 | API9: 1 | APJ9: 0 | APK9: 1 | APL9: 1 | APM9: 1 | APN9: 1 | APO9: 0 | APP9: 0 | APQ9: 1 | APR9: 0 | APS9: 0 | APT9: 0 | APU9: 0 | APV9: 0 | APW9: 0 | APX9: 0 | APY9: 2 | APZ9: 0 | AQA9: 1 | AQB9: 0 | AQC9: 0 | AQD9: 0 | AQE9: 1 | AQF9: 0 | AQG9: 0 | AQH9: 0 | AQI9: 0 | AQJ9: 0 | AQK9: 0 | AQL9: 0 | AQM9: 1 | AQN9: 0 | AQO9: 0 | AQP9: 0 | AQQ9: 1 | AQR9: 0 | AQS9: 0 | AQT9: 0 | AQU9: 1 | AQV9: 0 | AQW9: 0 | AQX9: 0 | AQY9: 0 | AQZ9: 0 | ARA9: 0 | ARB9: 0 | ARC9: 2 | ARD9: 1 | ARE9: 0 | ARF9: 0 | ARG9: 0 | ARH9: 0 | ARI9: 0 | ARJ9: 0 | ARK9: 0 | ARL9: 0 | ARM9: 0 | ARN9: 0 | ARO9: 0 | ARP9: 0 | ARQ9: 0 | ARR9: 0 | ARS9: 0 | ART9: 0 | ARU9: 0 | ARV9: 0 | ARW9: 0 | ARX9: 0 | ARY9: 0 | ARZ9: 1 | ASA9: 0 | ASB9: 0 | ASC9: 0 | ASD9: 0 | ASE9: 0 | ASF9: 0 | ASG9: 0 | ASH9: 0 | ASI9: 0 | ASJ9: 1 | ASK9: 0 | ASL9: 0 | ASM9: 0 | ASN9: 0 | ASO9: 0 | ASP9: 0 | ASQ9: 0 | ASR9: 0 | ASS9: 0 | AST9: 0 | ASU9: 0 | ASV9: 0 | ASW9: 1 | ASX9: 0 | ASY9: 0 | ASZ9: 0 | ATA9: 0
A10: 06 | B10: 785153 | C10: COLIMA | D10: 0 | E10: 0 | F10: 0 | G10: 0 | H10: 0 | I10: 0 | J10: 0 | K10: 0 | L10: 0 | M10: 0 | N10: 0 | O10: 0 | P10: 0 | Q10: 0 | R10: 0 | S10: 0 | T10: 0 | U10: 0 | V10: 0 | W10: 0 | X10: 0 | Y10: 0 | Z10: 0 | AA10: 0 | AB10: 0 | AC10: 0 | AD10: 0 | AE10: 1 | AF10: 0 | AG10: 0 | AH10: 1 | AI10: 0 | AJ10: 0 | AK10: 0 | AL10: 0 | AM10: 0 | AN10: 0 | AO10: 0 | AP10: 0 | AQ10: 0 | AR10: 1 | AS10: 0 | AT10: 0 | AU10: 0 | AV10: 0 | AW10: 0 | AX10: 1 | AY10: 0 | AZ10: 2 | BA10: 1 | BB10: 0 | BC10: 0 | BD10: 0 | BE10: 0 | BF10: 0 | BG10: 1 | BH10: 0 | BI10: 0 | BJ10: 0 | BK10: 1 | BL10: 1 | BM10: 0 | BN10: 1 | BO10: 0 | BP10: 2 | BQ10: 1 | BR10: 1 | BS10: 0 | BT10: 4 | BU10: 0 | BV10: 2 | BW10: 1 | BX10: 0 | BY10: 1 | BZ10: 0 | CA10: 3 | CB10: 1 | CC10: 0 | CD10: 1 | CE10: 0 | CF10: 1 | CG10: 2 | CH10: 2 | CI10: 0 | CJ10: 0 | CK10: 2 | CL10: 1 | CM10: 1 | CN10: 1 | CO10: 1 | CP10: 1 | CQ10: 2 | CR10: 2 | CS10: 1 | CT10: 3 | CU10: 4 | CV10: 3 | CW10: 2 | CX10: 4 | CY10: 1 | CZ10: 5 | DA10: 1 | DB10: 3 | DC10: 2 | DD10: 1 | DE10: 3 | DF10: 3 | DG10: 1 | DH10: 0 | DI10: 2 | DJ10: 3 | DK10: 3 | DL10: 0 | DM10: 3 | DN10: 4 | DO10: 4 | DP10: 11 | DQ10: 6 | DR10: 7 | DS10: 4 | DT10: 6 | DU10: 4 | DV10: 7 | DW10: 3 | DX10: 3 | DY10: 5 | DZ10: 7 | EA10: 8 | EB10: 1 | EC10: 10 | ED10: 3 | EE10: 4 | EF10: 7 | EG10: 4 | EH10: 4 | EI10: 7 | EJ10: 7 | EK10: 10 | EL10: 4 | EM10: 10 | EN10: 5 | EO10: 8 | EP10: 8 | EQ10: 4 | ER10: 8 | ES10: 10 | ET10: 9 | EU10: 9 | EV10: 3 | EW10: 7 | EX10: 6 | EY10: 5 | EZ10: 4 | FA10: 10 | FB10: 3 | FC10: 5 | FD10: 7 | FE10: 9 | FF10: 9 | FG10: 7 | FH10: 7 | FI10: 11 | FJ10: 6 | FK10: 7 | FL10: 5 | FM10: 7 | FN10: 2 | FO10: 7 | FP10: 11 | FQ10: 4 | FR10: 1 | FS10: 8 | FT10: 4 | FU10: 6 | FV10: 3 | FW10: 7 | FX10: 5 | FY10: 5 | FZ10: 5 | GA10: 6 | GB10: 4 | GC10: 8 | GD10: 4 | GE10: 5 | GF10: 4 | GG10: 2 | GH10: 6 | GI10: 4 | GJ10: 6 | GK10: 7 | GL10: 4 | GM10: 7 | GN10: 2 | GO10: 4 | GP10: 2 | GQ10: 3 | GR10: 8 | GS10: 7 | GT10: 3 | GU10: 5 | GV10: 10 | GW10: 6 | GX10: 4 | GY10: 8 | GZ10: 3 | HA10: 4 | HB10: 4 | HC10: 5 | HD10: 6 | HE10: 9 | HF10: 3 | HG10: 2 | HH10: 7 | HI10: 7 | HJ10: 7 | HK10: 6 | HL10: 4 | HM10: 4 | HN10: 2 | HO10: 5 | HP10: 3 | HQ10: 7 | HR10: 4 | HS10: 4 | HT10: 1 | HU10: 2 | HV10: 2 | HW10: 3 | HX10: 0 | HY10: 2 | HZ10: 4 | IA10: 4 | IB10: 2 | IC10: 5 | ID10: 2 | IE10: 2 | IF10: 2 | IG10: 2 | IH10: 1 | II10: 3 | IJ10: 2 | IK10: 2 | IL10: 2 | IM10: 1 | IN10: 2 | IO10: 0 | IP10: 0 | IQ10: 2 | IR10: 1 | IS10: 2 | IT10: 2 | IU10: 1 | IV10: 2 | IW10: 1 | IX10: 4 | IY10: 2 | IZ10: 2 | JA10: 0 | JB10: 1 | JC10: 1 | JD10: 0 | JE10: 1 | JF10: 0 | JG10: 3 | JH10: 1 | JI10: 1 | JJ10: 2 | JK10: 2 | JL10: 1 | JM10: 1 | JN10: 1 | JO10: 4 | JP10: 3 | JQ10: 2 | JR10: 0 | JS10: 0 | JT10: 0 | JU10: 0 | JV10: 3 | JW10: 1 | JX10: 0 | JY10: 1 | JZ10: 3 | KA10: 1 | KB10: 4 | KC10: 1 | KD10: 1 | KE10: 2 | KF10: 0 | KG10: 0 | KH10: 4 | KI10: 3 | KJ10: 2 | KK10: 6 | KL10: 3 | KM10: 4 | KN10: 2 | KO10: 6 | KP10: 4 | KQ10: 1 | KR10: 2 | KS10: 4 | KT10: 5 | KU10: 3 | KV10: 4 | KW10: 3 | KX10: 5 | KY10: 5 | KZ10: 11 | LA10: 3 | LB10: 5 | LC10: 6 | LD10: 3 | LE10: 6 | LF10: 4 | LG10: 7 | LH10: 5 | LI10: 6 | LJ10: 6 | LK10: 6 | LL10: 2 | LM10: 4 | LN10: 5 | LO10: 6 | LP10: 9 | LQ10: 6 | LR10: 8 | LS10: 7 | LT10: 4 | LU10: 2 | LV10: 6 | LW10: 6 | LX10: 8 | LY10: 4 | LZ10: 6 | MA10: 6 | MB10: 4 | MC10: 2 | MD10: 12 | ME10: 5 | MF10: 0 | MG10: 5 | MH10: 5 | MI10: 9 | MJ10: 7 | MK10: 1 | ML10: 3 | MM10: 4 | MN10: 5 | MO10: 2 | MP10: 4 | MQ10: 0 | MR10: 3 | MS10: 3 | MT10: 2 | MU10: 2 | MV10: 1 | MW10: 7 | MX10: 3 | MY10: 1 | MZ10: 3 | NA10: 1 | NB10: 2 | NC10: 1 | ND10: 2 | NE10: 0 | NF10: 0 | NG10: 4 | NH10: 2 | NI10: 3 | NJ10: 1 | NK10: 0 | NL10: 0 | NM10: 3 | NN10: 1 | NO10: 1 | NP10: 1 | NQ10: 2 | NR10: 0 | NS10: 0 | NT10: 0 | NU10: 1 | NV10: 2 | NW10: 1 | NX10: 1 | NY10: 0 | NZ10: 1 | OA10: 0 | OB10: 1 | OC10: 0 | OD10: 1 | OE10: 2 | OF10: 2 | OG10: 0 | OH10: 0 | OI10: 1 | OJ10: 0 | OK10: 3 | OL10: 2 | OM10: 1 | ON10: 0 | OO10: 0 | OP10: 0 | OQ10: 2 | OR10: 2 | OS10: 0 | OT10: 2 | OU10: 1 | OV10: 0 | OW10: 0 | OX10: 0 | OY10: 2 | OZ10: 0 | PA10: 1 | PB10: 0 | PC10: 0 | PD10: 1 | PE10: 0 | PF10: 0 | PG10: 2 | PH10: 0 | PI10: 0 | PJ10: 0 | PK10: 1 | PL10: 1 | PM10: 0 | PN10: 2 | PO10: 1 | PP10: 0 | PQ10: 0 | PR10: 1 | PS10: 0 | PT10: 1 | PU10: 3 | PV10: 0 | PW10: 0 | PX10: 0 | PY10: 1 | PZ10: 1 | QA10: 1 | QB10: 0 | QC10: 0 | QD10: 0 | QE10: 1 | QF10: 0 | QG10: 1 | QH10: 1 | QI10: 1 | QJ10: 0 | QK10: 0 | QL10: 0 | QM10: 1 | QN10: 1 | QO10: 0 | QP10: 1 | QQ10: 1 | QR10: 0 | QS10: 0 | QT10: 0 | QU10: 0 | QV10: 0 | QW10: 0 | QX10: 2 | QY10: 2 | QZ10: 1 | RA10: 1 | RB10: 2 | RC10: 1 | RD10: 3 | RE10: 0 | RF10: 0 | RG10: 0 | RH10: 1 | RI10: 0 | RJ10: 1 | RK10: 0 | RL10: 0 | RM10: 1 | RN10: 0 | RO10: 0 | RP10: 2 | RQ10: 2 | RR10: 0 | RS10: 0 | RT10: 0 | RU10: 1 | RV10: 1 | RW10: 0 | RX10: 3 | RY10: 2 | RZ10: 2 | SA10: 4 | SB10: 3 | SC10: 2 | SD10: 1 | SE10: 2 | SF10: 4 | SG10: 1 | SH10: 2 | SI10: 3 | SJ10: 3 | SK10: 9 | SL10: 3 | SM10: 7 | SN10: 5 | SO10: 8 | SP10: 7 | SQ10: 6 | SR10: 8 | SS10: 11 | ST10: 15 | SU10: 16 | SV10: 8 | SW10: 14 | SX10: 8 | SY10: 12 | SZ10: 14 | TA10: 13 | TB10: 17 | TC10: 13 | TD10: 15 | TE10: 15 | TF10: 20 | TG10: 14 | TH10: 13 | TI10: 19 | TJ10: 16 | TK10: 16 | TL10: 15 | TM10: 16 | TN10: 12 | TO10: 13 | TP10: 13 | TQ10: 9 | TR10: 13 | TS10: 15 | TT10: 13 | TU10: 12 | TV10: 7 | TW10: 13 | TX10: 14 | TY10: 17 | TZ10: 9 | UA10: 7 | UB10: 9 | UC10: 4 | UD10: 7 | UE10: 8 | UF10: 12 | UG10: 13 | UH10: 7 | UI10: 6 | UJ10: 11 | UK10: 8 | UL10: 9 | UM10: 3 | UN10: 7 | UO10: 9 | UP10: 2 | UQ10: 3 | UR10: 11 | US10: 6 | UT10: 7 | UU10: 5 | UV10: 5 | UW10: 2 | UX10: 8 | UY10: 1 | UZ10: 5 | VA10: 2 | VB10: 7 | VC10: 2 | VD10: 1 | VE10: 4 | VF10: 5 | VG10: 2 | VH10: 2 | VI10: 4 | VJ10: 3 | VK10: 3 | VL10: 1 | VM10: 1 | VN10: 1 | VO10: 1 | VP10: 1 | VQ10: 5 | VR10: 1 | VS10: 3 | VT10: 1 | VU10: 3 | VV10: 1 | VW10: 2 | VX10: 1 | VY10: 3 | VZ10: 2 | WA10: 0 | WB10: 3 | WC10: 1 | WD10: 2 | WE10: 3 | WF10: 1 | WG10: 0 | WH10: 2 | WI10: 0 | WJ10: 1 | WK10: 1 | WL10: 0 | WM10: 1 | WN10: 0 | WO10: 0 | WP10: 1 | WQ10: 1 | WR10: 0 | WS10: 0 | WT10: 0 | WU10: 1 | WV10: 1 | WW10: 0 | WX10: 1 | WY10: 0 | WZ10: 0 | XA10: 0 | XB10: 0 | XC10: 1 | XD10: 0 | XE10: 0 | XF10: 0 | XG10: 0 | XH10: 0 | XI10: 0 | XJ10: 1 | XK10: 0 | XL10: 3 | XM10: 0 | XN10: 0 | XO10: 0 | XP10: 0 | XQ10: 0 | XR10: 0 | XS10: 0 | XT10: 0 | XU10: 0 | XV10: 0 | XW10: 0 | XX10: 0 | XY10: 0 | XZ10: 0 | YA10: 0 | YB10: 0 | YC10: 0 | YD10: 0 | YE10: 0 | YF10: 0 | YG10: 0 | YH10: 0 | YI10: 0 | YJ10: 0 | YK10: 0 | YL10: 0 | YM10: 0 | YN10: 0 | YO10: 0 | YP10: 0 | YQ10: 0 | YR10: 0 | YS10: 0 | YT10: 0 | YU10: 0 | YV10: 1 | YW10: 2 | YX10: 2 | YY10: 1 | YZ10: 3 | ZA10: 3 | ZB10: 1 | ZC10: 2 | ZD10: 2 | ZE10: 2 | ZF10: 2 | ZG10: 3 | ZH10: 3 | ZI10: 1 | ZJ10: 1 | ZK10: 5 | ZL10: 7 | ZM10: 4 | ZN10: 6 | ZO10: 3 | ZP10: 8 | ZQ10: 7 | ZR10: 2 | ZS10: 5 | ZT10: 5 | ZU10: 2 | ZV10: 5 | ZW10: 2 | ZX10: 6 | ZY10: 7 | ZZ10: 0 | AAA10: 6 | AAB10: 6 | AAC10: 3 | AAD10: 3 | AAE10: 0 | AAF10: 0 | AAG10: 2 | AAH10: 4 | AAI10: 1 | AAJ10: 3 | AAK10: 1 | AAL10: 4 | AAM10: 0 | AAN10: 2 | AAO10: 1 | AAP10: 1 | AAQ10: 0 | AAR10: 2 | AAS10: 0 | AAT10: 2 | AAU10: 1 | AAV10: 0 | AAW10: 2 | AAX10: 0 | AAY10: 0 | AAZ10: 0 | ABA10: 1 | ABB10: 0 | ABC10: 0 | ABD10: 0 | ABE10: 1 | ABF10: 0 | ABG10: 0 | ABH10: 1 | ABI10: 0 | ABJ10: 0 | ABK10: 1 | ABL10: 0 | ABM10: 1 | ABN10: 0 | ABO10: 0 | ABP10: 1 | ABQ10: 1 | ABR10: 1 | ABS10: 0 | ABT10: 0 | ABU10: 1 | ABV10: 0 | ABW10: 0 | ABX10: 0 | ABY10: 1 | ABZ10: 0 | ACA10: 0 | ACB10: 0 | ACC10: 0 | ACD10: 0 | ACE10: 0 | ACF10: 0 | ACG10: 1 | ACH10: 1 | ACI10: 0 | ACJ10: 0 | ACK10: 1 | ACL10: 0 | ACM10: 0 | ACN10: 0 | ACO10: 0 | ACP10: 0 | ACQ10: 0 | ACR10: 0 | ACS10: 0 | ACT10: 0 | ACU10: 0 | ACV10: 0 | ACW10: 0 | ACX10: 0 | ACY10: 0 | ACZ10: 0 | ADA10: 0 | ADB10: 0 | ADC10: 0 | ADD10: 1 | ADE10: 0 | ADF10: 0 | ADG10: 0 | ADH10: 0 | ADI10: 0 | ADJ10: 0 | ADK10: 0 | ADL10: 0 | ADM10: 0 | ADN10: 0 | ADO10: 0 | ADP10: 0 | ADQ10: 0 | ADR10: 0 | ADS10: 0 | ADT10: 0 | ADU10: 0 | ADV10: 0 | ADW10: 0 | ADX10: 0 | ADY10: 0 | ADZ10: 0 | AEA10: 0 | AEB10: 0 | AEC10: 0 | AED10: 0 | AEE10: 0 | AEF10: 0 | AEG10: 0 | AEH10: 0 | AEI10: 0 | AEJ10: 0 | AEK10: 0 | AEL10: 0 | AEM10: 0 | AEN10: 0 | AEO10: 0 | AEP10: 0 | AEQ10: 0 | AER10: 0 | AES10: 0 | AET10: 1 | AEU10: 1 | AEV10: 0 | AEW10: 0 | AEX10: 0 | AEY10: 0 | AEZ10: 0 | AFA10: 0 | AFB10: 0 | AFC10: 0 | AFD10: 0 | AFE10: 0 | AFF10: 0 | AFG10: 0 | AFH10: 0 | AFI10: 1 | AFJ10: 0 | AFK10: 1 | AFL10: 0 | AFM10: 0 | AFN10: 1 | AFO10: 0 | AFP10: 0 | AFQ10: 0 | AFR10: 1 | AFS10: 2 | AFT10: 0 | AFU10: 4 | AFV10: 1 | AFW10: 1 | AFX10: 0 | AFY10: 1 | AFZ10: 0 | AGA10: 1 | AGB10: 0 | AGC10: 0 | AGD10: 0 | AGE10: 0 | AGF10: 3 | AGG10: 1 | AGH10: 2 | AGI10: 0 | AGJ10: 0 | AGK10: 0 | AGL10: 2 | AGM10: 1 | AGN10: 1 | AGO10: 1 | AGP10: 0 | AGQ10: 3 | AGR10: 2 | AGS10: 0 | AGT10: 0 | AGU10: 1 | AGV10: 0 | AGW10: 0 | AGX10: 1 | AGY10: 0 | AGZ10: 0 | AHA10: 0 | AHB10: 3 | AHC10: 0 | AHD10: 0 | AHE10: 0 | AHF10: 0 | AHG10: 0 | AHH10: 1 | AHI10: 0 | AHJ10: 0 | AHK10: 0 | AHL10: 0 | AHM10: 0 | AHN10: 0 | AHO10: 0 | AHP10: 0 | AHQ10: 0 | AHR10: 0 | AHS10: 0 | AHT10: 0 | AHU10: 0 | AHV10: 0 | AHW10: 1 | AHX10: 0 | AHY10: 0 | AHZ10: 0 | AIA10: 0 | AIB10: 0 | AIC10: 0 | AID10: 0 | AIE10: 0 | AIF10: 0 | AIG10: 0 | AIH10: 0 | AII10: 1 | AIJ10: 0 | AIK10: 0 | AIL10: 0 | AIM10: 0 | AIN10: 0 | AIO10: 0 | AIP10: 0 | AIQ10: 0 | AIR10: 0 | AIS10: 0 | AIT10: 0 | AIU10: 0 | AIV10: 0 | AIW10: 0 | AIX10: 0 | AIY10: 0 | AIZ10: 0 | AJA10: 0 | AJB10: 0 | AJC10: 0 | AJD10: 0 | AJE10: 0 | AJF10: 0 | AJG10: 0 | AJH10: 0 | AJI10: 0 | AJJ10: 0 | AJK10: 0 | AJL10: 1 | AJM10: 0 | AJN10: 0 | AJO10: 0 | AJP10: 0 | AJQ10: 0 | AJR10: 0 | AJS10: 0 | AJT10: 0 | AJU10: 0 | AJV10: 0 | AJW10: 0 | AJX10: 0 | AJY10: 0 | AJZ10: 0 | AKA10: 0 | AKB10: 0 | AKC10: 0 | AKD10: 0 | AKE10: 0 | AKF10: 0 | AKG10: 0 | AKH10: 0 | AKI10: 0 | AKJ10: 0 | AKK10: 0 | AKL10: 0 | AKM10: 0 | AKN10: 0 | AKO10: 0 | AKP10: 0 | AKQ10: 0 | AKR10: 0 | AKS10: 0 | AKT10: 0 | AKU10: 0 | AKV10: 0 | AKW10: 0 | AKX10: 0 | AKY10: 0 | AKZ10: 0 | ALA10: 0 | ALB10: 0 | ALC10: 1 | ALD10: 0 | ALE10: 0 | ALF10: 0 | ALG10: 0 | ALH10: 0 | ALI10: 0 | ALJ10: 0 | ALK10: 0 | ALL10: 0 | ALM10: 0 | ALN10: 0 | ALO10: 0 | ALP10: 0 | ALQ10: 0 | ALR10: 0 | ALS10: 0 | ALT10: 1 | ALU10: 1 | ALV10: 0 | ALW10: 0 | ALX10: 1 | ALY10: 0 | ALZ10: 0 | AMA10: 0 | AMB10: 0 | AMC10: 0 | AMD10: 0 | AME10: 0 | AMF10: 0 | AMG10: 0 | AMH10: 0 | AMI10: 0 | AMJ10: 0 | AMK10: 0 | AML10: 0 | AMM10: 0 | AMN10: 0 | AMO10: 1 | AMP10: 0 | AMQ10: 0 | AMR10: 0 | AMS10: 0 | AMT10: 2 | AMU10: 0 | AMV10: 0 | AMW10: 0 | AMX10: 0 | AMY10: 0 | AMZ10: 0 | ANA10: 0 | ANB10: 0 | ANC10: 0 | AND10: 0 | ANE10: 0 | ANF10: 0 | ANG10: 0 | ANH10: 0 | ANI10: 0 | ANJ10: 0 | ANK10: 0 | ANL10: 0 | ANM10: 1 | ANN10: 0 | ANO10: 0 | ANP10: 0 | ANQ10: 0 | ANR10: 2 | ANS10: 0 | ANT10: 0 | ANU10: 1 | ANV10: 0 | ANW10: 0 | ANX10: 0 | ANY10: 0 | ANZ10: 0 | AOA10: 1 | AOB10: 1 | AOC10: 0 | AOD10: 0 | AOE10: 0 | AOF10: 0 | AOG10: 0 | AOH10: 0 | AOI10: 1 | AOJ10: 0 | AOK10: 0 | AOL10: 0 | AOM10: 0 | AON10: 0 | AOO10: 0 | AOP10: 0 | AOQ10: 0 | AOR10: 0 | AOS10: 0 | AOT10: 0 | AOU10: 0 | AOV10: 0 | AOW10: 0 | AOX10: 0 | AOY10: 0 | AOZ10: 0 | APA10: 1 | APB10: 0 | APC10: 1 | APD10: 0 | APE10: 0 | APF10: 0 | APG10: 0 | APH10: 1 | API10: 1 | APJ10: 0 | APK10: 0 | APL10: 1 | APM10: 0 | APN10: 0 | APO10: 1 | APP10: 0 | APQ10: 0 | APR10: 1 | APS10: 0 | APT10: 0 | APU10: 0 | APV10: 0 | APW10: 0 | APX10: 0 | APY10: 0 | APZ10: 1 | AQA10: 0 | AQB10: 0 | AQC10: 0 | AQD10: 1 | AQE10: 0 | AQF10: 0 | AQG10: 0 | AQH10: 0 | AQI10: 0 | AQJ10: 0 | AQK10: 0 | AQL10: 0 | AQM10: 0 | AQN10: 0 | AQO10: 0 | AQP10: 0 | AQQ10: 0 | AQR10: 0 | AQS10: 0 | AQT10: 0 | AQU10: 0 | AQV10: 0 | AQW10: 0 | AQX10: 0 | AQY10: 1 | AQZ10: 0 | ARA10: 0 | ARB10: 0 | ARC10: 0 | ARD10: 0 | ARE10: 0 | ARF10: 0 | ARG10: 0 | ARH10: 0 | ARI10: 0 | ARJ10: 0 | ARK10: 0 | ARL10: 0 | ARM10: 0 | ARN10: 0 | ARO10: 0 | ARP10: 0 | ARQ10: 0 | ARR10: 0 | ARS10: 0 | ART10: 0 | ARU10: 0 | ARV10: 0 | ARW10: 0 | ARX10: 0 | ARY10: 0 | ARZ10: 0 | ASA10: 0 | ASB10: 0 | ASC10: 0 | ASD10: 0 | ASE10: 0 | ASF10: 0 | ASG10: 0 | ASH10: 0 | ASI10: 0 | ASJ10: 0 | ASK10: 0 | ASL10: 0 | ASM10: 0 | ASN10: 0 | ASO10: 0 | ASP10: 0 | ASQ10: 0 | ASR10: 0 | ASS10: 0 | AST10: 0 | ASU10: 0 | ASV10: 0 | ASW10: 0 | ASX10: 0 | ASY10: 0 | ASZ10: 0 | ATA10: 0
A11: 10 | B11: 1868996 | C11: DURANGO | D11: 0 | E11: 1 | F11: 0 | G11: 0 | H11: 0 | I11: 0 | J11: 0 | K11: 1 | L11: 0 | M11: 0 | N11: 0 | O11: 0 | P11: 0 | Q11: 0 | R11: 1 | S11: 1 | T11: 0 | U11: 0 | V11: 0 | W11: 0 | X11: 0 | Y11: 0 | Z11: 0 | AA11: 0 | AB11: 0 | AC11: 0 | AD11: 0 | AE11: 0 | AF11: 0 | AG11: 0 | AH11: 0 | AI11: 0 | AJ11: 0 | AK11: 0 | AL11: 0 | AM11: 1 | AN11: 0 | AO11: 0 | AP11: 1 | AQ11: 1 | AR11: 1 | AS11: 0 | AT11: 1 | AU11: 0 | AV11: 0 | AW11: 1 | AX11: 2 | AY11: 1 | AZ11: 1 | BA11: 0 | BB11: 0 | BC11: 0 | BD11: 2 | BE11: 1 | BF11: 0 | BG11: 0 | BH11: 0 | BI11: 1 | BJ11: 3 | BK11: 3 | BL11: 2 | BM11: 1 | BN11: 0 | BO11: 0 | BP11: 5 | BQ11: 1 | BR11: 0 | BS11: 0 | BT11: 3 | BU11: 3 | BV11: 2 | BW11: 3 | BX11: 4 | BY11: 3 | BZ11: 0 | CA11: 3 | CB11: 1 | CC11: 4 | CD11: 1 | CE11: 2 | CF11: 4 | CG11: 4 | CH11: 2 | CI11: 3 | CJ11: 2 | CK11: 6 | CL11: 4 | CM11: 7 | CN11: 4 | CO11: 6 | CP11: 6 | CQ11: 6 | CR11: 9 | CS11: 2 | CT11: 4 | CU11: 1 | CV11: 3 | CW11: 3 | CX11: 4 | CY11: 5 | CZ11: 5 | DA11: 6 | DB11: 2 | DC11: 7 | DD11: 2 | DE11: 2 | DF11: 7 | DG11: 5 | DH11: 2 | DI11: 3 | DJ11: 4 | DK11: 4 | DL11: 8 | DM11: 7 | DN11: 7 | DO11: 3 | DP11: 10 | DQ11: 7 | DR11: 4 | DS11: 9 | DT11: 4 | DU11: 8 | DV11: 6 | DW11: 7 | DX11: 3 | DY11: 10 | DZ11: 3 | EA11: 4 | EB11: 8 | EC11: 1 | ED11: 9 | EE11: 5 | EF11: 4 | EG11: 1 | EH11: 4 | EI11: 8 | EJ11: 11 | EK11: 4 | EL11: 4 | EM11: 6 | EN11: 9 | EO11: 9 | EP11: 4 | EQ11: 7 | ER11: 7 | ES11: 9 | ET11: 4 | EU11: 6 | EV11: 2 | EW11: 6 | EX11: 6 | EY11: 4 | EZ11: 3 | FA11: 2 | FB11: 5 | FC11: 12 | FD11: 4 | FE11: 3 | FF11: 7 | FG11: 5 | FH11: 4 | FI11: 9 | FJ11: 5 | FK11: 8 | FL11: 12 | FM11: 9 | FN11: 5 | FO11: 6 | FP11: 6 | FQ11: 7 | FR11: 9 | FS11: 5 | FT11: 7 | FU11: 5 | FV11: 4 | FW11: 9 | FX11: 8 | FY11: 4 | FZ11: 8 | GA11: 6 | GB11: 6 | GC11: 8 | GD11: 4 | GE11: 13 | GF11: 4 | GG11: 3 | GH11: 5 | GI11: 3 | GJ11: 3 | GK11: 3 | GL11: 5 | GM11: 5 | GN11: 8 | GO11: 7 | GP11: 6 | GQ11: 4 | GR11: 2 | GS11: 5 | GT11: 7 | GU11: 6 | GV11: 9 | GW11: 3 | GX11: 4 | GY11: 2 | GZ11: 10 | HA11: 5 | HB11: 3 | HC11: 4 | HD11: 7 | HE11: 10 | HF11: 5 | HG11: 6 | HH11: 10 | HI11: 7 | HJ11: 3 | HK11: 13 | HL11: 7 | HM11: 11 | HN11: 17 | HO11: 7 | HP11: 12 | HQ11: 14 | HR11: 11 | HS11: 17 | HT11: 19 | HU11: 18 | HV11: 16 | HW11: 20 | HX11: 16 | HY11: 12 | HZ11: 15 | IA11: 16 | IB11: 12 | IC11: 18 | ID11: 16 | IE11: 22 | IF11: 15 | IG11: 13 | IH11: 17 | II11: 20 | IJ11: 13 | IK11: 11 | IL11: 22 | IM11: 25 | IN11: 9 | IO11: 13 | IP11: 15 | IQ11: 14 | IR11: 12 | IS11: 19 | IT11: 12 | IU11: 17 | IV11: 19 | IW11: 20 | IX11: 24 | IY11: 18 | IZ11: 14 | JA11: 16 | JB11: 16 | JC11: 18 | JD11: 11 | JE11: 22 | JF11: 15 | JG11: 17 | JH11: 12 | JI11: 20 | JJ11: 11 | JK11: 4 | JL11: 7 | JM11: 10 | JN11: 17 | JO11: 8 | JP11: 8 | JQ11: 8 | JR11: 10 | JS11: 9 | JT11: 10 | JU11: 8 | JV11: 8 | JW11: 6 | JX11: 11 | JY11: 9 | JZ11: 7 | KA11: 10 | KB11: 11 | KC11: 1 | KD11: 5 | KE11: 9 | KF11: 14 | KG11: 13 | KH11: 8 | KI11: 8 | KJ11: 13 | KK11: 7 | KL11: 10 | KM11: 5 | KN11: 5 | KO11: 14 | KP11: 9 | KQ11: 8 | KR11: 9 | KS11: 12 | KT11: 9 | KU11: 12 | KV11: 6 | KW11: 13 | KX11: 15 | KY11: 12 | KZ11: 11 | LA11: 7 | LB11: 9 | LC11: 10 | LD11: 12 | LE11: 6 | LF11: 8 | LG11: 11 | LH11: 15 | LI11: 9 | LJ11: 11 | LK11: 8 | LL11: 11 | LM11: 4 | LN11: 4 | LO11: 11 | LP11: 10 | LQ11: 8 | LR11: 2 | LS11: 10 | LT11: 11 | LU11: 9 | LV11: 7 | LW11: 7 | LX11: 8 | LY11: 3 | LZ11: 8 | MA11: 4 | MB11: 6 | MC11: 3 | MD11: 7 | ME11: 3 | MF11: 5 | MG11: 11 | MH11: 6 | MI11: 2 | MJ11: 6 | MK11: 5 | ML11: 5 | MM11: 5 | MN11: 3 | MO11: 3 | MP11: 6 | MQ11: 4 | MR11: 4 | MS11: 6 | MT11: 2 | MU11: 3 | MV11: 3 | MW11: 1 | MX11: 1 | MY11: 3 | MZ11: 6 | NA11: 4 | NB11: 5 | NC11: 1 | ND11: 2 | NE11: 3 | NF11: 10 | NG11: 4 | NH11: 3 | NI11: 2 | NJ11: 6 | NK11: 3 | NL11: 2 | NM11: 1 | NN11: 4 | NO11: 3 | NP11: 3 | NQ11: 8 | NR11: 5 | NS11: 2 | NT11: 1 | NU11: 4 | NV11: 4 | NW11: 2 | NX11: 3 | NY11: 7 | NZ11: 2 | OA11: 5 | OB11: 4 | OC11: 2 | OD11: 2 | OE11: 1 | OF11: 4 | OG11: 1 | OH11: 1 | OI11: 5 | OJ11: 3 | OK11: 4 | OL11: 5 | OM11: 1 | ON11: 3 | OO11: 0 | OP11: 2 | OQ11: 3 | OR11: 1 | OS11: 2 | OT11: 3 | OU11: 0 | OV11: 2 | OW11: 0 | OX11: 1 | OY11: 1 | OZ11: 3 | PA11: 5 | PB11: 5 | PC11: 0 | PD11: 0 | PE11: 0 | PF11: 1 | PG11: 4 | PH11: 2 | PI11: 1 | PJ11: 5 | PK11: 2 | PL11: 2 | PM11: 3 | PN11: 1 | PO11: 3 | PP11: 0 | PQ11: 1 | PR11: 1 | PS11: 0 | PT11: 0 | PU11: 0 | PV11: 0 | PW11: 0 | PX11: 0 | PY11: 1 | PZ11: 3 | QA11: 0 | QB11: 1 | QC11: 4 | QD11: 3 | QE11: 0 | QF11: 1 | QG11: 0 | QH11: 0 | QI11: 2 | QJ11: 3 | QK11: 1 | QL11: 0 | QM11: 2 | QN11: 0 | QO11: 1 | QP11: 0 | QQ11: 2 | QR11: 0 | QS11: 1 | QT11: 1 | QU11: 0 | QV11: 1 | QW11: 1 | QX11: 0 | QY11: 0 | QZ11: 0 | RA11: 0 | RB11: 1 | RC11: 2 | RD11: 0 | RE11: 0 | RF11: 1 | RG11: 1 | RH11: 0 | RI11: 0 | RJ11: 2 | RK11: 0 | RL11: 0 | RM11: 1 | RN11: 0 | RO11: 0 | RP11: 1 | RQ11: 2 | RR11: 2 | RS11: 2 | RT11: 0 | RU11: 1 | RV11: 0 | RW11: 0 | RX11: 0 | RY11: 1 | RZ11: 3 | SA11: 4 | SB11: 1 | SC11: 1 | SD11: 2 | SE11: 2 | SF11: 3 | SG11: 4 | SH11: 2 | SI11: 2 | SJ11: 2 | SK11: 2 | SL11: 7 | SM11: 3 | SN11: 5 | SO11: 5 | SP11: 14 | SQ11: 4 | SR11: 5 | SS11: 5 | ST11: 3 | SU11: 2 | SV11: 6 | SW11: 6 | SX11: 8 | SY11: 5 | SZ11: 14 | TA11: 8 | TB11: 11 | TC11: 11 | TD11: 11 | TE11: 12 | TF11: 12 | TG11: 8 | TH11: 11 | TI11: 5 | TJ11: 11 | TK11: 7 | TL11: 7 | TM11: 6 | TN11: 7 | TO11: 12 | TP11: 7 | TQ11: 11 | TR11: 6 | TS11: 4 | TT11: 10 | TU11: 13 | TV11: 13 | TW11: 8 | TX11: 4 | TY11: 3 | TZ11: 5 | UA11: 9 | UB11: 5 | UC11: 7 | UD11: 4 | UE11: 8 | UF11: 2 | UG11: 9 | UH11: 5 | UI11: 5 | UJ11: 4 | UK11: 11 | UL11: 4 | UM11: 3 | UN11: 5 | UO11: 5 | UP11: 1 | UQ11: 4 | UR11: 6 | US11: 3 | UT11: 3 | UU11: 3 | UV11: 4 | UW11: 2 | UX11: 5 | UY11: 1 | UZ11: 4 | VA11: 2 | VB11: 4 | VC11: 1 | VD11: 6 | VE11: 2 | VF11: 5 | VG11: 5 | VH11: 4 | VI11: 1 | VJ11: 2 | VK11: 0 | VL11: 1 | VM11: 0 | VN11: 2 | VO11: 2 | VP11: 6 | VQ11: 4 | VR11: 4 | VS11: 5 | VT11: 3 | VU11: 0 | VV11: 4 | VW11: 5 | VX11: 1 | VY11: 6 | VZ11: 2 | WA11: 1 | WB11: 0 | WC11: 0 | WD11: 3 | WE11: 3 | WF11: 1 | WG11: 2 | WH11: 3 | WI11: 0 | WJ11: 2 | WK11: 1 | WL11: 2 | WM11: 3 | WN11: 1 | WO11: 4 | WP11: 2 | WQ11: 1 | WR11: 1 | WS11: 4 | WT11: 2 | WU11: 2 | WV11: 5 | WW11: 2 | WX11: 2 | WY11: 4 | WZ11: 4 | XA11: 4 | XB11: 2 | XC11: 4 | XD11: 3 | XE11: 1 | XF11: 4 | XG11: 1 | XH11: 0 | XI11: 3 | XJ11: 2 | XK11: 2 | XL11: 3 | XM11: 3 | XN11: 2 | XO11: 5 | XP11: 3 | XQ11: 3 | XR11: 2 | XS11: 2 | XT11: 2 | XU11: 6 | XV11: 6 | XW11: 3 | XX11: 5 | XY11: 4 | XZ11: 6 | YA11: 3 | YB11: 0 | YC11: 1 | YD11: 2 | YE11: 2 | YF11: 4 | YG11: 5 | YH11: 4 | YI11: 3 | YJ11: 1 | YK11: 6 | YL11: 7 | YM11: 3 | YN11: 6 | YO11: 4 | YP11: 5 | YQ11: 6 | YR11: 3 | YS11: 6 | YT11: 3 | YU11: 8 | YV11: 2 | YW11: 14 | YX11: 9 | YY11: 6 | YZ11: 8 | ZA11: 10 | ZB11: 12 | ZC11: 11 | ZD11: 9 | ZE11: 8 | ZF11: 10 | ZG11: 9 | ZH11: 7 | ZI11: 7 | ZJ11: 12 | ZK11: 5 | ZL11: 7 | ZM11: 11 | ZN11: 11 | ZO11: 15 | ZP11: 8 | ZQ11: 5 | ZR11: 7 | ZS11: 7 | ZT11: 4 | ZU11: 10 | ZV11: 11 | ZW11: 5 | ZX11: 9 | ZY11: 9 | ZZ11: 4 | AAA11: 4 | AAB11: 1 | AAC11: 5 | AAD11: 4 | AAE11: 4 | AAF11: 2 | AAG11: 1 | AAH11: 2 | AAI11: 2 | AAJ11: 3 | AAK11: 5 | AAL11: 0 | AAM11: 0 | AAN11: 1 | AAO11: 0 | AAP11: 1 | AAQ11: 2 | AAR11: 0 | AAS11: 2 | AAT11: 0 | AAU11: 0 | AAV11: 0 | AAW11: 0 | AAX11: 0 | AAY11: 0 | AAZ11: 0 | ABA11: 1 | ABB11: 1 | ABC11: 0 | ABD11: 3 | ABE11: 0 | ABF11: 0 | ABG11: 0 | ABH11: 0 | ABI11: 0 | ABJ11: 0 | ABK11: 1 | ABL11: 0 | ABM11: 0 | ABN11: 0 | ABO11: 0 | ABP11: 0 | ABQ11: 0 | ABR11: 0 | ABS11: 0 | ABT11: 0 | ABU11: 0 | ABV11: 0 | ABW11: 1 | ABX11: 0 | ABY11: 0 | ABZ11: 0 | ACA11: 0 | ACB11: 0 | ACC11: 0 | ACD11: 0 | ACE11: 0 | ACF11: 0 | ACG11: 0 | ACH11: 0 | ACI11: 0 | ACJ11: 0 | ACK11: 0 | ACL11: 0 | ACM11: 0 | ACN11: 0 | ACO11: 0 | ACP11: 1 | ACQ11: 0 | ACR11: 0 | ACS11: 0 | ACT11: 0 | ACU11: 0 | ACV11: 0 | ACW11: 0 | ACX11: 0 | ACY11: 0 | ACZ11: 0 | ADA11: 0 | ADB11: 0 | ADC11: 0 | ADD11: 0 | ADE11: 0 | ADF11: 0 | ADG11: 0 | ADH11: 0 | ADI11: 0 | ADJ11: 0 | ADK11: 0 | ADL11: 0 | ADM11: 0 | ADN11: 0 | ADO11: 0 | ADP11: 0 | ADQ11: 0 | ADR11: 0 | ADS11: 0 | ADT11: 0 | ADU11: 0 | ADV11: 0 | ADW11: 0 | ADX11: 0 | ADY11: 0 | ADZ11: 0 | AEA11: 0 | AEB11: 0 | AEC11: 0 | AED11: 0 | AEE11: 0 | AEF11: 0 | AEG11: 0 | AEH11: 0 | AEI11: 0 | AEJ11: 0 | AEK11: 0 | AEL11: 0 | AEM11: 0 | AEN11: 0 | AEO11: 0 | AEP11: 0 | AEQ11: 0 | AER11: 0 | AES11: 0 | AET11: 0 | AEU11: 0 | AEV11: 0 | AEW11: 1 | AEX11: 0 | AEY11: 1 | AEZ11: 0 | AFA11: 0 | AFB11: 0 | AFC11: 0 | AFD11: 0 | AFE11: 0 | AFF11: 0 | AFG11: 0 | AFH11: 0 | AFI11: 0 | AFJ11: 0 | AFK11: 1 | AFL11: 0 | AFM11: 1 | AFN11: 1 | AFO11: 0 | AFP11: 0 | AFQ11: 0 | AFR11: 0 | AFS11: 0 | AFT11: 4 | AFU11: 1 | AFV11: 0 | AFW11: 1 | AFX11: 0 | AFY11: 2 | AFZ11: 0 | AGA11: 1 | AGB11: 1 | AGC11: 1 | AGD11: 0 | AGE11: 1 | AGF11: 2 | AGG11: 1 | AGH11: 1 | AGI11: 1 | AGJ11: 2 | AGK11: 0 | AGL11: 1 | AGM11: 0 | AGN11: 0 | AGO11: 2 | AGP11: 0 | AGQ11: 0 | AGR11: 0 | AGS11: 0 | AGT11: 0 | AGU11: 0 | AGV11: 0 | AGW11: 1 | AGX11: 1 | AGY11: 0 | AGZ11: 0 | AHA11: 2 | AHB11: 0 | AHC11: 1 | AHD11: 0 | AHE11: 1 | AHF11: 0 | AHG11: 0 | AHH11: 0 | AHI11: 0 | AHJ11: 0 | AHK11: 0 | AHL11: 0 | AHM11: 0 | AHN11: 0 | AHO11: 1 | AHP11: 0 | AHQ11: 0 | AHR11: 0 | AHS11: 0 | AHT11: 0 | AHU11: 0 | AHV11: 0 | AHW11: 1 | AHX11: 0 | AHY11: 0 | AHZ11: 0 | AIA11: 1 | AIB11: 0 | AIC11: 0 | AID11: 0 | AIE11: 0 | AIF11: 0 | AIG11: 0 | AIH11: 0 | AII11: 0 | AIJ11: 0 | AIK11: 0 | AIL11: 0 | AIM11: 0 | AIN11: 0 | AIO11: 0 | AIP11: 1 | AIQ11: 0 | AIR11: 1 | AIS11: 0 | AIT11: 0 | AIU11: 0 | AIV11: 0 | AIW11: 1 | AIX11: 0 | AIY11: 0 | AIZ11: 0 | AJA11: 0 | AJB11: 0 | AJC11: 0 | AJD11: 0 | AJE11: 0 | AJF11: 0 | AJG11: 0 | AJH11: 0 | AJI11: 0 | AJJ11: 0 | AJK11: 0 | AJL11: 0 | AJM11: 0 | AJN11: 0 | AJO11: 0 | AJP11: 0 | AJQ11: 0 | AJR11: 0 | AJS11: 0 | AJT11: 0 | AJU11: 0 | AJV11: 0 | AJW11: 0 | AJX11: 0 | AJY11: 0 | AJZ11: 0 | AKA11: 0 | AKB11: 0 | AKC11: 0 | AKD11: 0 | AKE11: 0 | AKF11: 0 | AKG11: 0 | AKH11: 0 | AKI11: 0 | AKJ11: 0 | AKK11: 0 | AKL11: 0 | AKM11: 0 | AKN11: 0 | AKO11: 0 | AKP11: 0 | AKQ11: 0 | AKR11: 0 | AKS11: 0 | AKT11: 0 | AKU11: 0 | AKV11: 0 | AKW11: 1 | AKX11: 0 | AKY11: 0 | AKZ11: 0 | ALA11: 0 | ALB11: 0 | ALC11: 0 | ALD11: 0 | ALE11: 0 | ALF11: 0 | ALG11: 0 | ALH11: 0 | ALI11: 0 | ALJ11: 0 | ALK11: 0 | ALL11: 0 | ALM11: 0 | ALN11: 0 | ALO11: 0 | ALP11: 0 | ALQ11: 0 | ALR11: 0 | ALS11: 0 | ALT11: 1 | ALU11: 0 | ALV11: 0 | ALW11: 0 | ALX11: 0 | ALY11: 0 | ALZ11: 1 | AMA11: 0 | AMB11: 0 | AMC11: 0 | AMD11: 0 | AME11: 0 | AMF11: 0 | AMG11: 0 | AMH11: 0 | AMI11: 0 | AMJ11: 0 | AMK11: 2 | AML11: 0 | AMM11: 0 | AMN11: 0 | AMO11: 1 | AMP11: 0 | AMQ11: 0 | AMR11: 0 | AMS11: 0 | AMT11: 0 | AMU11: 0 | AMV11: 0 | AMW11: 0 | AMX11: 0 | AMY11: 0 | AMZ11: 0 | ANA11: 0 | ANB11: 2 | ANC11: 0 | AND11: 0 | ANE11: 0 | ANF11: 0 | ANG11: 0 | ANH11: 1 | ANI11: 0 | ANJ11: 0 | ANK11: 0 | ANL11: 0 | ANM11: 0 | ANN11: 0 | ANO11: 0 | ANP11: 0 | ANQ11: 1 | ANR11: 1 | ANS11: 0 | ANT11: 1 | ANU11: 2 | ANV11: 0 | ANW11: 0 | ANX11: 0 | ANY11: 1 | ANZ11: 0 | AOA11: 0 | AOB11: 0 | AOC11: 0 | AOD11: 0 | AOE11: 0 | AOF11: 1 | AOG11: 0 | AOH11: 1 | AOI11: 0 | AOJ11: 0 | AOK11: 0 | AOL11: 0 | AOM11: 0 | AON11: 0 | AOO11: 0 | AOP11: 0 | AOQ11: 0 | AOR11: 0 | AOS11: 2 | AOT11: 1 | AOU11: 0 | AOV11: 0 | AOW11: 0 | AOX11: 0 | AOY11: 0 | AOZ11: 0 | APA11: 0 | APB11: 0 | APC11: 0 | APD11: 0 | APE11: 0 | APF11: 0 | APG11: 0 | APH11: 0 | API11: 0 | APJ11: 0 | APK11: 0 | APL11: 0 | APM11: 0 | APN11: 0 | APO11: 0 | APP11: 0 | APQ11: 0 | APR11: 1 | APS11: 0 | APT11: 0 | APU11: 0 | APV11: 0 | APW11: 0 | APX11: 0 | APY11: 0 | APZ11: 0 | AQA11: 0 | AQB11: 0 | AQC11: 0 | AQD11: 0 | AQE11: 0 | AQF11: 0 | AQG11: 0 | AQH11: 0 | AQI11: 1 | AQJ11: 0 | AQK11: 0 | AQL11: 0 | AQM11: 1 | AQN11: 0 | AQO11: 0 | AQP11: 0 | AQQ11: 0 | AQR11: 0 | AQS11: 0 | AQT11: 0 | AQU11: 0 | AQV11: 0 | AQW11: 0 | AQX11: 0 | AQY11: 0 | AQZ11: 0 | ARA11: 0 | ARB11: 0 | ARC11: 1 | ARD11: 0 | ARE11: 0 | ARF11: 0 | ARG11: 0 | ARH11: 0 | ARI11: 0 | ARJ11: 0 | ARK11: 0 | ARL11: 0 | ARM11: 0 | ARN11: 0 | ARO11: 0 | ARP11: 0 | ARQ11: 0 | ARR11: 0 | ARS11: 0 | ART11: 0 | ARU11: 0 | ARV11: 0 | ARW11: 0 | ARX11: 0 | ARY11: 0 | ARZ11: 0 | ASA11: 0 | ASB11: 0 | ASC11: 0 | ASD11: 0 | ASE11: 0 | ASF11: 0 | ASG11: 0 | ASH11: 0 | ASI11: 0 | ASJ11: 1 | ASK11: 0 | ASL11: 0 | ASM11: 0 | ASN11: 0 | ASO11: 0 | ASP11: 0 | ASQ11: 1 | ASR11: 0 | ASS11: 0 | AST11: 0 | ASU11: 0 | ASV11: 0 | ASW11: 0 | ASX11: 0 | ASY11: 0 | ASZ11: 0 | ATA11: 0
A12: 11 | B12: 6228175 | C12: GUANAJUATO | D12: 0 | E12: 0 | F12: 0 | G12: 0 | H12: 0 | I12: 0 | J12: 0 | K12: 0 | L12: 0 | M12: 0 | N12: 0 | O12: 0 | P12: 0 | Q12: 0 | R12: 0 | S12: 0 | T12: 0 | U12: 0 | V12: 0 | W12: 2 | X12: 0 | Y12: 1 | Z12: 0 | AA12: 1 | AB12: 1 | AC12: 0 | AD12: 0 | AE12: 0 | AF12: 2 | AG12: 1 | AH12: 0 | AI12: 3 | AJ12: 0 | AK12: 0 | AL12: 0 | AM12: 2 | AN12: 3 | AO12: 3 | AP12: 1 | AQ12: 3 | AR12: 2 | AS12: 0 | AT12: 0 | AU12: 2 | AV12: 3 | AW12: 3 | AX12: 2 | AY12: 3 | AZ12: 3 | BA12: 2 | BB12: 3 | BC12: 4 | BD12: 7 | BE12: 4 | BF12: 1 | BG12: 3 | BH12: 1 | BI12: 4 | BJ12: 2 | BK12: 8 | BL12: 3 | BM12: 2 | BN12: 6 | BO12: 4 | BP12: 2 | BQ12: 5 | BR12: 6 | BS12: 6 | BT12: 4 | BU12: 8 | BV12: 5 | BW12: 6 | BX12: 8 | BY12: 2 | BZ12: 7 | CA12: 6 | CB12: 2 | CC12: 7 | CD12: 6 | CE12: 9 | CF12: 13 | CG12: 17 | CH12: 17 | CI12: 14 | CJ12: 12 | CK12: 21 | CL12: 20 | CM12: 16 | CN12: 23 | CO12: 15 | CP12: 23 | CQ12: 25 | CR12: 18 | CS12: 27 | CT12: 26 | CU12: 26 | CV12: 16 | CW12: 30 | CX12: 25 | CY12: 26 | CZ12: 26 | DA12: 22 | DB12: 31 | DC12: 24 | DD12: 41 | DE12: 31 | DF12: 30 | DG12: 45 | DH12: 40 | DI12: 40 | DJ12: 34 | DK12: 35 | DL12: 39 | DM12: 44 | DN12: 41 | DO12: 36 | DP12: 34 | DQ12: 40 | DR12: 29 | DS12: 38 | DT12: 39 | DU12: 32 | DV12: 36 | DW12: 44 | DX12: 35 | DY12: 36 | DZ12: 45 | EA12: 37 | EB12: 24 | EC12: 53 | ED12: 41 | EE12: 41 | EF12: 45 | EG12: 39 | EH12: 35 | EI12: 41 | EJ12: 31 | EK12: 42 | EL12: 34 | EM12: 31 | EN12: 38 | EO12: 43 | EP12: 35 | EQ12: 32 | ER12: 41 | ES12: 34 | ET12: 34 | EU12: 26 | EV12: 22 | EW12: 22 | EX12: 35 | EY12: 24 | EZ12: 23 | FA12: 34 | FB12: 29 | FC12: 26 | FD12: 29 | FE12: 22 | FF12: 39 | FG12: 25 | FH12: 16 | FI12: 25 | FJ12: 19 | FK12: 26 | FL12: 22 | FM12: 22 | FN12: 21 | FO12: 30 | FP12: 25 | FQ12: 20 | FR12: 20 | FS12: 25 | FT12: 21 | FU12: 15 | FV12: 15 | FW12: 11 | FX12: 17 | FY12: 17 | FZ12: 25 | GA12: 21 | GB12: 16 | GC12: 20 | GD12: 17 | GE12: 12 | GF12: 9 | GG12: 10 | GH12: 20 | GI12: 26 | GJ12: 8 | GK12: 21 | GL12: 7 | GM12: 9 | GN12: 11 | GO12: 12 | GP12: 11 | GQ12: 7 | GR12: 14 | GS12: 14 | GT12: 10 | GU12: 15 | GV12: 17 | GW12: 12 | GX12: 17 | GY12: 11 | GZ12: 22 | HA12: 11 | HB12: 9 | HC12: 10 | HD12: 16 | HE12: 6 | HF12: 14 | HG12: 13 | HH12: 12 | HI12: 9 | HJ12: 12 | HK12: 10 | HL12: 6 | HM12: 15 | HN12: 21 | HO12: 16 | HP12: 13 | HQ12: 14 | HR12: 12 | HS12: 15 | HT12: 21 | HU12: 18 | HV12: 11 | HW12: 14 | HX12: 15 | HY12: 14 | HZ12: 8 | IA12: 21 | IB12: 13 | IC12: 12 | ID12: 17 | IE12: 19 | IF12: 22 | IG12: 24 | IH12: 15 | II12: 20 | IJ12: 22 | IK12: 18 | IL12: 20 | IM12: 24 | IN12: 32 | IO12: 33 | IP12: 27 | IQ12: 25 | IR12: 30 | IS12: 29 | IT12: 32 | IU12: 42 | IV12: 31 | IW12: 34 | IX12: 35 | IY12: 39 | IZ12: 41 | JA12: 42 | JB12: 48 | JC12: 48 | JD12: 44 | JE12: 38 | JF12: 32 | JG12: 44 | JH12: 45 | JI12: 37 | JJ12: 41 | JK12: 57 | JL12: 46 | JM12: 54 | JN12: 53 | JO12: 43 | JP12: 58 | JQ12: 49 | JR12: 47 | JS12: 40 | JT12: 54 | JU12: 56 | JV12: 42 | JW12: 56 | JX12: 43 | JY12: 58 | JZ12: 64 | KA12: 52 | KB12: 64 | KC12: 49 | KD12: 54 | KE12: 90 | KF12: 68 | KG12: 55 | KH12: 54 | KI12: 50 | KJ12: 62 | KK12: 83 | KL12: 66 | KM12: 80 | KN12: 79 | KO12: 77 | KP12: 91 | KQ12: 94 | KR12: 104 | KS12: 86 | KT12: 91 | KU12: 95 | KV12: 84 | KW12: 81 | KX12: 121 | KY12: 99 | KZ12: 94 | LA12: 112 | LB12: 90 | LC12: 95 | LD12: 110 | LE12: 106 | LF12: 100 | LG12: 115 | LH12: 105 | LI12: 81 | LJ12: 73 | LK12: 84 | LL12: 81 | LM12: 103 | LN12: 76 | LO12: 74 | LP12: 79 | LQ12: 77 | LR12: 74 | LS12: 70 | LT12: 63 | LU12: 62 | LV12: 61 | LW12: 59 | LX12: 58 | LY12: 52 | LZ12: 39 | MA12: 54 | MB12: 35 | MC12: 41 | MD12: 38 | ME12: 40 | MF12: 27 | MG12: 33 | MH12: 45 | MI12: 33 | MJ12: 30 | MK12: 23 | ML12: 22 | MM12: 28 | MN12: 30 | MO12: 30 | MP12: 40 | MQ12: 27 | MR12: 20 | MS12: 27 | MT12: 28 | MU12: 20 | MV12: 12 | MW12: 23 | MX12: 22 | MY12: 22 | MZ12: 17 | NA12: 25 | NB12: 26 | NC12: 13 | ND12: 16 | NE12: 10 | NF12: 12 | NG12: 13 | NH12: 12 | NI12: 16 | NJ12: 11 | NK12: 12 | NL12: 11 | NM12: 9 | NN12: 9 | NO12: 9 | NP12: 16 | NQ12: 11 | NR12: 10 | NS12: 14 | NT12: 11 | NU12: 3 | NV12: 11 | NW12: 11 | NX12: 11 | NY12: 10 | NZ12: 14 | OA12: 9 | OB12: 9 | OC12: 14 | OD12: 10 | OE12: 6 | OF12: 8 | OG12: 12 | OH12: 8 | OI12: 10 | OJ12: 5 | OK12: 5 | OL12: 2 | OM12: 8 | ON12: 7 | OO12: 3 | OP12: 3 | OQ12: 3 | OR12: 7 | OS12: 6 | OT12: 4 | OU12: 2 | OV12: 4 | OW12: 1 | OX12: 1 | OY12: 6 | OZ12: 5 | PA12: 3 | PB12: 1 | PC12: 5 | PD12: 1 | PE12: 2 | PF12: 4 | PG12: 3 | PH12: 3 | PI12: 3 | PJ12: 3 | PK12: 2 | PL12: 1 | PM12: 2 | PN12: 4 | PO12: 2 | PP12: 3 | PQ12: 2 | PR12: 0 | PS12: 2 | PT12: 0 | PU12: 1 | PV12: 2 | PW12: 1 | PX12: 2 | PY12: 1 | PZ12: 2 | QA12: 2 | QB12: 4 | QC12: 1 | QD12: 1 | QE12: 0 | QF12: 0 | QG12: 1 | QH12: 2 | QI12: 0 | QJ12: 1 | QK12: 0 | QL12: 1 | QM12: 2 | QN12: 1 | QO12: 0 | QP12: 1 | QQ12: 2 | QR12: 0 | QS12: 1 | QT12: 1 | QU12: 1 | QV12: 0 | QW12: 0 | QX12: 0 | QY12: 0 | QZ12: 1 | RA12: 1 | RB12: 0 | RC12: 0 | RD12: 2 | RE12: 2 | RF12: 0 | RG12: 0 | RH12: 1 | RI12: 0 | RJ12: 0 | RK12: 0 | RL12: 1 | RM12: 0 | RN12: 0 | RO12: 2 | RP12: 1 | RQ12: 2 | RR12: 2 | RS12: 1 | RT12: 1 | RU12: 1 | RV12: 2 | RW12: 2 | RX12: 1 | RY12: 3 | RZ12: 3 | SA12: 2 | SB12: 2 | SC12: 2 | SD12: 8 | SE12: 3 | SF12: 7 | SG12: 2 | SH12: 5 | SI12: 6 | SJ12: 5 | SK12: 7 | SL12: 6 | SM12: 6 | SN12: 6 | SO12: 9 | SP12: 13 | SQ12: 12 | SR12: 14 | SS12: 9 | ST12: 12 | SU12: 11 | SV12: 14 | SW12: 9 | SX12: 14 | SY12: 15 | SZ12: 11 | TA12: 17 | TB12: 15 | TC12: 19 | TD12: 14 | TE12: 12 | TF12: 15 | TG12: 18 | TH12: 20 | TI12: 23 | TJ12: 18 | TK12: 23 | TL12: 19 | TM12: 21 | TN12: 23 | TO12: 15 | TP12: 14 | TQ12: 13 | TR12: 17 | TS12: 27 | TT12: 23 | TU12: 24 | TV12: 27 | TW12: 23 | TX12: 25 | TY12: 26 | TZ12: 18 | UA12: 17 | UB12: 16 | UC12: 27 | UD12: 34 | UE12: 26 | UF12: 27 | UG12: 19 | UH12: 18 | UI12: 24 | UJ12: 25 | UK12: 25 | UL12: 21 | UM12: 26 | UN12: 18 | UO12: 21 | UP12: 23 | UQ12: 26 | UR12: 27 | US12: 26 | UT12: 20 | UU12: 21 | UV12: 18 | UW12: 20 | UX12: 15 | UY12: 25 | UZ12: 17 | VA12: 15 | VB12: 17 | VC12: 14 | VD12: 18 | VE12: 13 | VF12: 23 | VG12: 23 | VH12: 21 | VI12: 14 | VJ12: 17 | VK12: 16 | VL12: 16 | VM12: 24 | VN12: 17 | VO12: 18 | VP12: 22 | VQ12: 18 | VR12: 15 | VS12: 9 | VT12: 16 | VU12: 19 | VV12: 15 | VW12: 21 | VX12: 30 | VY12: 23 | VZ12: 13 | WA12: 12 | WB12: 22 | WC12: 13 | WD12: 14 | WE12: 13 | WF12: 20 | WG12: 16 | WH12: 13 | WI12: 8 | WJ12: 12 | WK12: 9 | WL12: 10 | WM12: 11 | WN12: 15 | WO12: 19 | WP12: 14 | WQ12: 18 | WR12: 17 | WS12: 12 | WT12: 15 | WU12: 15 | WV12: 8 | WW12: 8 | WX12: 5 | WY12: 11 | WZ12: 15 | XA12: 11 | XB12: 14 | XC12: 11 | XD12: 11 | XE12: 11 | XF12: 8 | XG12: 10 | XH12: 9 | XI12: 18 | XJ12: 11 | XK12: 12 | XL12: 7 | XM12: 8 | XN12: 11 | XO12: 12 | XP12: 12 | XQ12: 13 | XR12: 9 | XS12: 11 | XT12: 6 | XU12: 15 | XV12: 9 | XW12: 9 | XX12: 13 | XY12: 7 | XZ12: 10 | YA12: 8 | YB12: 11 | YC12: 14 | YD12: 15 | YE12: 8 | YF12: 13 | YG12: 4 | YH12: 12 | YI12: 15 | YJ12: 10 | YK12: 10 | YL12: 18 | YM12: 14 | YN12: 16 | YO12: 14 | YP12: 14 | YQ12: 16 | YR12: 13 | YS12: 18 | YT12: 20 | YU12: 23 | YV12: 21 | YW12: 18 | YX12: 31 | YY12: 21 | YZ12: 27 | ZA12: 18 | ZB12: 22 | ZC12: 22 | ZD12: 32 | ZE12: 27 | ZF12: 37 | ZG12: 35 | ZH12: 26 | ZI12: 42 | ZJ12: 26 | ZK12: 22 | ZL12: 34 | ZM12: 36 | ZN12: 33 | ZO12: 44 | ZP12: 24 | ZQ12: 30 | ZR12: 32 | ZS12: 31 | ZT12: 32 | ZU12: 26 | ZV12: 15 | ZW12: 22 | ZX12: 22 | ZY12: 21 | ZZ12: 14 | AAA12: 20 | AAB12: 15 | AAC12: 17 | AAD12: 11 | AAE12: 7 | AAF12: 13 | AAG12: 14 | AAH12: 16 | AAI12: 8 | AAJ12: 5 | AAK12: 7 | AAL12: 6 | AAM12: 7 | AAN12: 4 | AAO12: 9 | AAP12: 6 | AAQ12: 5 | AAR12: 5 | AAS12: 5 | AAT12: 4 | AAU12: 6 | AAV12: 3 | AAW12: 4 | AAX12: 1 | AAY12: 3 | AAZ12: 3 | ABA12: 2 | ABB12: 2 | ABC12: 2 | ABD12: 0 | ABE12: 1 | ABF12: 0 | ABG12: 0 | ABH12: 0 | ABI12: 1 | ABJ12: 0 | ABK12: 3 | ABL12: 1 | ABM12: 0 | ABN12: 1 | ABO12: 0 | ABP12: 0 | ABQ12: 0 | ABR12: 0 | ABS12: 1 | ABT12: 0 | ABU12: 0 | ABV12: 0 | ABW12: 0 | ABX12: 1 | ABY12: 0 | ABZ12: 1 | ACA12: 0 | ACB12: 3 | ACC12: 0 | ACD12: 0 | ACE12: 0 | ACF12: 0 | ACG12: 1 | ACH12: 0 | ACI12: 0 | ACJ12: 0 | ACK12: 0 | ACL12: 1 | ACM12: 0 | ACN12: 1 | ACO12: 0 | ACP12: 0 | ACQ12: 1 | ACR12: 0 | ACS12: 0 | ACT12: 0 | ACU12: 0 | ACV12: 1 | ACW12: 1 | ACX12: 0 | ACY12: 0 | ACZ12: 1 | ADA12: 0 | ADB12: 0 | ADC12: 0 | ADD12: 0 | ADE12: 0 | ADF12: 0 | ADG12: 0 | ADH12: 1 | ADI12: 0 | ADJ12: 0 | ADK12: 0 | ADL12: 0 | ADM12: 0 | ADN12: 0 | ADO12: 0 | ADP12: 0 | ADQ12: 1 | ADR12: 1 | ADS12: 0 | ADT12: 0 | ADU12: 0 | ADV12: 0 | ADW12: 1 | ADX12: 0 | ADY12: 0 | ADZ12: 0 | AEA12: 0 | AEB12: 0 | AEC12: 0 | AED12: 0 | AEE12: 0 | AEF12: 1 | AEG12: 1 | AEH12: 0 | AEI12: 0 | AEJ12: 1 | AEK12: 0 | AEL12: 0 | AEM12: 0 | AEN12: 0 | AEO12: 0 | AEP12: 0 | AEQ12: 1 | AER12: 0 | AES12: 0 | AET12: 0 | AEU12: 0 | AEV12: 1 | AEW12: 0 | AEX12: 0 | AEY12: 0 | AEZ12: 0 | AFA12: 0 | AFB12: 0 | AFC12: 4 | AFD12: 0 | AFE12: 1 | AFF12: 2 | AFG12: 1 | AFH12: 1 | AFI12: 3 | AFJ12: 0 | AFK12: 0 | AFL12: 0 | AFM12: 0 | AFN12: 3 | AFO12: 0 | AFP12: 2 | AFQ12: 3 | AFR12: 2 | AFS12: 3 | AFT12: 6 | AFU12: 3 | AFV12: 5 | AFW12: 0 | AFX12: 1 | AFY12: 1 | AFZ12: 1 | AGA12: 5 | AGB12: 7 | AGC12: 1 | AGD12: 4 | AGE12: 4 | AGF12: 5 | AGG12: 4 | AGH12: 4 | AGI12: 2 | AGJ12: 6 | AGK12: 3 | AGL12: 4 | AGM12: 7 | AGN12: 12 | AGO12: 6 | AGP12: 6 | AGQ12: 5 | AGR12: 4 | AGS12: 6 | AGT12: 3 | AGU12: 3 | AGV12: 1 | AGW12: 1 | AGX12: 6 | AGY12: 2 | AGZ12: 3 | AHA12: 2 | AHB12: 3 | AHC12: 2 | AHD12: 0 | AHE12: 0 | AHF12: 1 | AHG12: 1 | AHH12: 2 | AHI12: 2 | AHJ12: 0 | AHK12: 2 | AHL12: 0 | AHM12: 0 | AHN12: 2 | AHO12: 0 | AHP12: 0 | AHQ12: 2 | AHR12: 1 | AHS12: 0 | AHT12: 3 | AHU12: 2 | AHV12: 1 | AHW12: 1 | AHX12: 0 | AHY12: 0 | AHZ12: 0 | AIA12: 1 | AIB12: 1 | AIC12: 0 | AID12: 1 | AIE12: 0 | AIF12: 0 | AIG12: 1 | AIH12: 0 | AII12: 0 | AIJ12: 0 | AIK12: 0 | AIL12: 0 | AIM12: 1 | AIN12: 0 | AIO12: 1 | AIP12: 0 | AIQ12: 0 | AIR12: 2 | AIS12: 0 | AIT12: 0 | AIU12: 0 | AIV12: 0 | AIW12: 0 | AIX12: 0 | AIY12: 1 | AIZ12: 0 | AJA12: 0 | AJB12: 0 | AJC12: 0 | AJD12: 0 | AJE12: 0 | AJF12: 0 | AJG12: 0 | AJH12: 0 | AJI12: 0 | AJJ12: 0 | AJK12: 0 | AJL12: 0 | AJM12: 0 | AJN12: 0 | AJO12: 0 | AJP12: 1 | AJQ12: 0 | AJR12: 0 | AJS12: 0 | AJT12: 0 | AJU12: 0 | AJV12: 0 | AJW12: 0 | AJX12: 0 | AJY12: 0 | AJZ12: 0 | AKA12: 0 | AKB12: 0 | AKC12: 0 | AKD12: 0 | AKE12: 0 | AKF12: 0 | AKG12: 0 | AKH12: 0 | AKI12: 0 | AKJ12: 0 | AKK12: 0 | AKL12: 1 | AKM12: 0 | AKN12: 0 | AKO12: 0 | AKP12: 0 | AKQ12: 0 | AKR12: 1 | AKS12: 0 | AKT12: 0 | AKU12: 0 | AKV12: 0 | AKW12: 0 | AKX12: 0 | AKY12: 0 | AKZ12: 0 | ALA12: 0 | ALB12: 0 | ALC12: 0 | ALD12: 0 | ALE12: 0 | ALF12: 0 | ALG12: 0 | ALH12: 1 | ALI12: 0 | ALJ12: 0 | ALK12: 1 | ALL12: 0 | ALM12: 0 | ALN12: 0 | ALO12: 0 | ALP12: 0 | ALQ12: 1 | ALR12: 0 | ALS12: 1 | ALT12: 0 | ALU12: 0 | ALV12: 2 | ALW12: 1 | ALX12: 2 | ALY12: 2 | ALZ12: 0 | AMA12: 2 | AMB12: 0 | AMC12: 0 | AMD12: 0 | AME12: 1 | AMF12: 4 | AMG12: 4 | AMH12: 1 | AMI12: 1 | AMJ12: 1 | AMK12: 1 | AML12: 2 | AMM12: 4 | AMN12: 0 | AMO12: 5 | AMP12: 5 | AMQ12: 2 | AMR12: 1 | AMS12: 4 | AMT12: 0 | AMU12: 5 | AMV12: 2 | AMW12: 2 | AMX12: 0 | AMY12: 1 | AMZ12: 4 | ANA12: 1 | ANB12: 1 | ANC12: 1 | AND12: 1 | ANE12: 1 | ANF12: 0 | ANG12: 3 | ANH12: 1 | ANI12: 1 | ANJ12: 0 | ANK12: 0 | ANL12: 1 | ANM12: 1 | ANN12: 2 | ANO12: 1 | ANP12: 2 | ANQ12: 1 | ANR12: 2 | ANS12: 0 | ANT12: 1 | ANU12: 1 | ANV12: 4 | ANW12: 2 | ANX12: 2 | ANY12: 1 | ANZ12: 2 | AOA12: 0 | AOB12: 2 | AOC12: 1 | AOD12: 3 | AOE12: 1 | AOF12: 0 | AOG12: 1 | AOH12: 1 | AOI12: 0 | AOJ12: 1 | AOK12: 2 | AOL12: 0 | AOM12: 0 | AON12: 0 | AOO12: 3 | AOP12: 0 | AOQ12: 0 | AOR12: 1 | AOS12: 0 | AOT12: 0 | AOU12: 0 | AOV12: 0 | AOW12: 0 | AOX12: 0 | AOY12: 0 | AOZ12: 1 | APA12: 0 | APB12: 1 | APC12: 1 | APD12: 0 | APE12: 0 | APF12: 1 | APG12: 0 | APH12: 2 | API12: 0 | APJ12: 0 | APK12: 2 | APL12: 1 | APM12: 1 | APN12: 0 | APO12: 1 | APP12: 2 | APQ12: 2 | APR12: 0 | APS12: 0 | APT12: 0 | APU12: 0 | APV12: 1 | APW12: 1 | APX12: 1 | APY12: 0 | APZ12: 0 | AQA12: 0 | AQB12: 0 | AQC12: 0 | AQD12: 0 | AQE12: 0 | AQF12: 0 | AQG12: 2 | AQH12: 1 | AQI12: 1 | AQJ12: 0 | AQK12: 0 | AQL12: 0 | AQM12: 1 | AQN12: 0 | AQO12: 0 | AQP12: 0 | AQQ12: 1 | AQR12: 1 | AQS12: 0 | AQT12: 0 | AQU12: 1 | AQV12: 0 | AQW12: 0 | AQX12: 0 | AQY12: 0 | AQZ12: 0 | ARA12: 0 | ARB12: 0 | ARC12: 0 | ARD12: 0 | ARE12: 0 | ARF12: 1 | ARG12: 0 | ARH12: 0 | ARI12: 0 | ARJ12: 1 | ARK12: 0 | ARL12: 0 | ARM12: 0 | ARN12: 0 | ARO12: 0 | ARP12: 1 | ARQ12: 0 | ARR12: 0 | ARS12: 0 | ART12: 0 | ARU12: 1 | ARV12: 0 | ARW12: 0 | ARX12: 0 | ARY12: 0 | ARZ12: 0 | ASA12: 0 | ASB12: 0 | ASC12: 0 | ASD12: 0 | ASE12: 0 | ASF12: 0 | ASG12: 0 | ASH12: 0 | ASI12: 0 | ASJ12: 0 | ASK12: 0 | ASL12: 0 | ASM12: 0 | ASN12: 0 | ASO12: 0 | ASP12: 0 | ASQ12: 1 | ASR12: 0 | ASS12: 0 | AST12: 0 | ASU12: 0 | ASV12: 0 | ASW12: 0 | ASX12: 1 | ASY12: 0 | ASZ12: 0 | ATA12: 0
A13: 12 | B13: 3657048 | C13: GUERRERO | D13: 0 | E13: 0 | F13: 0 | G13: 0 | H13: 0 | I13: 1 | J13: 0 | K13: 0 | L13: 0 | M13: 0 | N13: 0 | O13: 1 | P13: 0 | Q13: 0 | R13: 0 | S13: 0 | T13: 0 | U13: 0 | V13: 2 | W13: 0 | X13: 2 | Y13: 0 | Z13: 0 | AA13: 1 | AB13: 0 | AC13: 0 | AD13: 1 | AE13: 1 | AF13: 1 | AG13: 3 | AH13: 1 | AI13: 1 | AJ13: 3 | AK13: 4 | AL13: 3 | AM13: 7 | AN13: 3 | AO13: 3 | AP13: 1 | AQ13: 4 | AR13: 1 | AS13: 8 | AT13: 5 | AU13: 4 | AV13: 2 | AW13: 2 | AX13: 8 | AY13: 4 | AZ13: 6 | BA13: 7 | BB13: 11 | BC13: 9 | BD13: 4 | BE13: 13 | BF13: 10 | BG13: 12 | BH13: 8 | BI13: 10 | BJ13: 10 | BK13: 15 | BL13: 14 | BM13: 17 | BN13: 20 | BO13: 16 | BP13: 25 | BQ13: 19 | BR13: 20 | BS13: 20 | BT13: 27 | BU13: 28 | BV13: 24 | BW13: 30 | BX13: 22 | BY13: 23 | BZ13: 22 | CA13: 25 | CB13: 24 | CC13: 29 | CD13: 23 | CE13: 21 | CF13: 25 | CG13: 19 | CH13: 26 | CI13: 27 | CJ13: 23 | CK13: 25 | CL13: 21 | CM13: 21 | CN13: 30 | CO13: 24 | CP13: 18 | CQ13: 22 | CR13: 29 | CS13: 23 | CT13: 32 | CU13: 14 | CV13: 18 | CW13: 30 | CX13: 17 | CY13: 16 | CZ13: 17 | DA13: 25 | DB13: 28 | DC13: 23 | DD13: 23 | DE13: 24 | DF13: 13 | DG13: 11 | DH13: 18 | DI13: 22 | DJ13: 14 | DK13: 16 | DL13: 26 | DM13: 11 | DN13: 12 | DO13: 19 | DP13: 16 | DQ13: 10 | DR13: 20 | DS13: 24 | DT13: 15 | DU13: 11 | DV13: 15 | DW13: 16 | DX13: 17 | DY13: 14 | DZ13: 17 | EA13: 12 | EB13: 16 | EC13: 15 | ED13: 16 | EE13: 18 | EF13: 10 | EG13: 7 | EH13: 8 | EI13: 14 | EJ13: 12 | EK13: 11 | EL13: 14 | EM13: 13 | EN13: 15 | EO13: 10 | EP13: 7 | EQ13: 15 | ER13: 10 | ES13: 11 | ET13: 7 | EU13: 13 | EV13: 4 | EW13: 14 | EX13: 4 | EY13: 15 | EZ13: 16 | FA13: 10 | FB13: 12 | FC13: 20 | FD13: 12 | FE13: 6 | FF13: 9 | FG13: 6 | FH13: 9 | FI13: 12 | FJ13: 9 | FK13: 7 | FL13: 6 | FM13: 15 | FN13: 6 | FO13: 4 | FP13: 5 | FQ13: 6 | FR13: 8 | FS13: 5 | FT13: 9 | FU13: 4 | FV13: 14 | FW13: 2 | FX13: 11 | FY13: 7 | FZ13: 3 | GA13: 15 | GB13: 14 | GC13: 6 | GD13: 12 | GE13: 7 | GF13: 4 | GG13: 5 | GH13: 2 | GI13: 7 | GJ13: 13 | GK13: 7 | GL13: 15 | GM13: 8 | GN13: 8 | GO13: 15 | GP13: 12 | GQ13: 8 | GR13: 6 | GS13: 9 | GT13: 13 | GU13: 10 | GV13: 13 | GW13: 5 | GX13: 10 | GY13: 8 | GZ13: 10 | HA13: 14 | HB13: 11 | HC13: 10 | HD13: 9 | HE13: 12 | HF13: 11 | HG13: 6 | HH13: 14 | HI13: 7 | HJ13: 7 | HK13: 10 | HL13: 9 | HM13: 3 | HN13: 4 | HO13: 6 | HP13: 6 | HQ13: 6 | HR13: 7 | HS13: 6 | HT13: 8 | HU13: 6 | HV13: 9 | HW13: 5 | HX13: 8 | HY13: 12 | HZ13: 2 | IA13: 8 | IB13: 8 | IC13: 5 | ID13: 7 | IE13: 8 | IF13: 5 | IG13: 7 | IH13: 4 | II13: 6 | IJ13: 4 | IK13: 3 | IL13: 11 | IM13: 4 | IN13: 4 | IO13: 7 | IP13: 4 | IQ13: 8 | IR13: 4 | IS13: 4 | IT13: 4 | IU13: 1 | IV13: 4 | IW13: 4 | IX13: 9 | IY13: 2 | IZ13: 2 | JA13: 9 | JB13: 2 | JC13: 5 | JD13: 7 | JE13: 6 | JF13: 6 | JG13: 9 | JH13: 10 | JI13: 9 | JJ13: 2 | JK13: 11 | JL13: 6 | JM13: 6 | JN13: 7 | JO13: 12 | JP13: 3 | JQ13: 18 | JR13: 5 | JS13: 5 | JT13: 6 | JU13: 7 | JV13: 10 | JW13: 9 | JX13: 8 | JY13: 6 | JZ13: 4 | KA13: 8 | KB13: 6 | KC13: 8 | KD13: 8 | KE13: 8 | KF13: 8 | KG13: 6 | KH13: 5 | KI13: 12 | KJ13: 10 | KK13: 10 | KL13: 18 | KM13: 14 | KN13: 12 | KO13: 8 | KP13: 9 | KQ13: 18 | KR13: 14 | KS13: 11 | KT13: 19 | KU13: 17 | KV13: 18 | KW13: 25 | KX13: 14 | KY13: 18 | KZ13: 24 | LA13: 23 | LB13: 20 | LC13: 28 | LD13: 17 | LE13: 32 | LF13: 21 | LG13: 30 | LH13: 29 | LI13: 25 | LJ13: 22 | LK13: 23 | LL13: 28 | LM13: 19 | LN13: 23 | LO13: 29 | LP13: 19 | LQ13: 17 | LR13: 15 | LS13: 25 | LT13: 24 | LU13: 16 | LV13: 10 | LW13: 24 | LX13: 23 | LY13: 17 | LZ13: 19 | MA13: 23 | MB13: 22 | MC13: 12 | MD13: 14 | ME13: 23 | MF13: 13 | MG13: 16 | MH13: 19 | MI13: 17 | MJ13: 18 | MK13: 8 | ML13: 14 | MM13: 9 | MN13: 18 | MO13: 9 | MP13: 9 | MQ13: 15 | MR13: 15 | MS13: 6 | MT13: 12 | MU13: 13 | MV13: 16 | MW13: 9 | MX13: 10 | MY13: 11 | MZ13: 15 | NA13: 5 | NB13: 9 | NC13: 14 | ND13: 11 | NE13: 11 | NF13: 13 | NG13: 8 | NH13: 8 | NI13: 9 | NJ13: 2 | NK13: 10 | NL13: 7 | NM13: 7 | NN13: 6 | NO13: 3 | NP13: 9 | NQ13: 11 | NR13: 10 | NS13: 11 | NT13: 4 | NU13: 6 | NV13: 3 | NW13: 9 | NX13: 10 | NY13: 8 | NZ13: 3 | OA13: 5 | OB13: 3 | OC13: 8 | OD13: 9 | OE13: 8 | OF13: 13 | OG13: 10 | OH13: 6 | OI13: 6 | OJ13: 8 | OK13: 5 | OL13: 8 | OM13: 9 | ON13: 7 | OO13: 4 | OP13: 6 | OQ13: 2 | OR13: 7 | OS13: 8 | OT13: 2 | OU13: 2 | OV13: 4 | OW13: 4 | OX13: 9 | OY13: 5 | OZ13: 6 | PA13: 2 | PB13: 3 | PC13: 5 | PD13: 2 | PE13: 2 | PF13: 5 | PG13: 3 | PH13: 4 | PI13: 3 | PJ13: 3 | PK13: 2 | PL13: 2 | PM13: 3 | PN13: 5 | PO13: 2 | PP13: 2 | PQ13: 4 | PR13: 4 | PS13: 0 | PT13: 1 | PU13: 4 | PV13: 3 | PW13: 3 | PX13: 1 | PY13: 3 | PZ13: 5 | QA13: 5 | QB13: 6 | QC13: 1 | QD13: 2 | QE13: 1 | QF13: 2 | QG13: 2 | QH13: 1 | QI13: 4 | QJ13: 1 | QK13: 3 | QL13: 1 | QM13: 2 | QN13: 3 | QO13: 2 | QP13: 6 | QQ13: 3 | QR13: 3 | QS13: 0 | QT13: 0 | QU13: 0 | QV13: 3 | QW13: 0 | QX13: 1 | QY13: 1 | QZ13: 2 | RA13: 0 | RB13: 5 | RC13: 2 | RD13: 1 | RE13: 0 | RF13: 1 | RG13: 0 | RH13: 2 | RI13: 1 | RJ13: 3 | RK13: 0 | RL13: 3 | RM13: 3 | RN13: 3 | RO13: 2 | RP13: 3 | RQ13: 6 | RR13: 7 | RS13: 4 | RT13: 6 | RU13: 7 | RV13: 8 | RW13: 11 | RX13: 8 | RY13: 14 | RZ13: 19 | SA13: 15 | SB13: 8 | SC13: 27 | SD13: 26 | SE13: 17 | SF13: 16 | SG13: 28 | SH13: 27 | SI13: 22 | SJ13: 23 | SK13: 37 | SL13: 24 | SM13: 24 | SN13: 33 | SO13: 45 | SP13: 34 | SQ13: 36 | SR13: 33 | SS13: 27 | ST13: 37 | SU13: 24 | SV13: 29 | SW13: 26 | SX13: 29 | SY13: 24 | SZ13: 31 | TA13: 28 | TB13: 21 | TC13: 31 | TD13: 29 | TE13: 30 | TF13: 25 | TG13: 29 | TH13: 30 | TI13: 26 | TJ13: 25 | TK13: 30 | TL13: 21 | TM13: 19 | TN13: 27 | TO13: 22 | TP13: 20 | TQ13: 15 | TR13: 18 | TS13: 21 | TT13: 14 | TU13: 13 | TV13: 13 | TW13: 11 | TX13: 14 | TY13: 15 | TZ13: 13 | UA13: 10 | UB13: 12 | UC13: 15 | UD13: 5 | UE13: 13 | UF13: 10 | UG13: 3 | UH13: 6 | UI13: 14 | UJ13: 9 | UK13: 6 | UL13: 7 | UM13: 5 | UN13: 8 | UO13: 9 | UP13: 7 | UQ13: 13 | UR13: 2 | US13: 6 | UT13: 1 | UU13: 5 | UV13: 4 | UW13: 5 | UX13: 7 | UY13: 7 | UZ13: 3 | VA13: 5 | VB13: 7 | VC13: 6 | VD13: 2 | VE13: 4 | VF13: 6 | VG13: 9 | VH13: 4 | VI13: 7 | VJ13: 4 | VK13: 6 | VL13: 2 | VM13: 6 | VN13: 2 | VO13: 2 | VP13: 2 | VQ13: 8 | VR13: 4 | VS13: 2 | VT13: 3 | VU13: 2 | VV13: 1 | VW13: 4 | VX13: 2 | VY13: 4 | VZ13: 3 | WA13: 3 | WB13: 6 | WC13: 4 | WD13: 6 | WE13: 4 | WF13: 2 | WG13: 2 | WH13: 1 | WI13: 1 | WJ13: 1 | WK13: 1 | WL13: 1 | WM13: 4 | WN13: 6 | WO13: 0 | WP13: 3 | WQ13: 3 | WR13: 1 | WS13: 3 | WT13: 2 | WU13: 0 | WV13: 1 | WW13: 0 | WX13: 2 | WY13: 2 | WZ13: 6 | XA13: 0 | XB13: 2 | XC13: 1 | XD13: 3 | XE13: 1 | XF13: 5 | XG13: 0 | XH13: 1 | XI13: 2 | XJ13: 0 | XK13: 0 | XL13: 0 | XM13: 2 | XN13: 0 | XO13: 2 | XP13: 1 | XQ13: 0 | XR13: 1 | XS13: 0 | XT13: 0 | XU13: 0 | XV13: 0 | XW13: 2 | XX13: 0 | XY13: 0 | XZ13: 1 | YA13: 2 | YB13: 0 | YC13: 0 | YD13: 1 | YE13: 0 | YF13: 0 | YG13: 1 | YH13: 1 | YI13: 1 | YJ13: 1 | YK13: 1 | YL13: 3 | YM13: 2 | YN13: 1 | YO13: 0 | YP13: 3 | YQ13: 0 | YR13: 0 | YS13: 3 | YT13: 3 | YU13: 2 | YV13: 0 | YW13: 4 | YX13: 5 | YY13: 6 | YZ13: 6 | ZA13: 5 | ZB13: 2 | ZC13: 2 | ZD13: 5 | ZE13: 3 | ZF13: 7 | ZG13: 10 | ZH13: 13 | ZI13: 11 | ZJ13: 10 | ZK13: 10 | ZL13: 6 | ZM13: 1 | ZN13: 15 | ZO13: 9 | ZP13: 12 | ZQ13: 8 | ZR13: 13 | ZS13: 11 | ZT13: 12 | ZU13: 13 | ZV13: 13 | ZW13: 9 | ZX13: 8 | ZY13: 14 | ZZ13: 9 | AAA13: 3 | AAB13: 8 | AAC13: 3 | AAD13: 6 | AAE13: 2 | AAF13: 2 | AAG13: 4 | AAH13: 5 | AAI13: 5 | AAJ13: 4 | AAK13: 6 | AAL13: 1 | AAM13: 4 | AAN13: 3 | AAO13: 3 | AAP13: 0 | AAQ13: 2 | AAR13: 0 | AAS13: 2 | AAT13: 2 | AAU13: 0 | AAV13: 0 | AAW13: 0 | AAX13: 0 | AAY13: 2 | AAZ13: 2 | ABA13: 0 | ABB13: 1 | ABC13: 1 | ABD13: 0 | ABE13: 1 | ABF13: 0 | ABG13: 3 | ABH13: 1 | ABI13: 1 | ABJ13: 0 | ABK13: 0 | ABL13: 0 | ABM13: 0 | ABN13: 0 | ABO13: 0 | ABP13: 0 | ABQ13: 0 | ABR13: 0 | ABS13: 0 | ABT13: 0 | ABU13: 0 | ABV13: 0 | ABW13: 0 | ABX13: 1 | ABY13: 0 | ABZ13: 0 | ACA13: 0 | ACB13: 1 | ACC13: 0 | ACD13: 0 | ACE13: 0 | ACF13: 0 | ACG13: 0 | ACH13: 0 | ACI13: 0 | ACJ13: 0 | ACK13: 0 | ACL13: 0 | ACM13: 0 | ACN13: 0 | ACO13: 0 | ACP13: 0 | ACQ13: 0 | ACR13: 0 | ACS13: 0 | ACT13: 0 | ACU13: 0 | ACV13: 0 | ACW13: 0 | ACX13: 0 | ACY13: 0 | ACZ13: 1 | ADA13: 1 | ADB13: 0 | ADC13: 0 | ADD13: 0 | ADE13: 0 | ADF13: 0 | ADG13: 0 | ADH13: 1 | ADI13: 0 | ADJ13: 0 | ADK13: 0 | ADL13: 0 | ADM13: 0 | ADN13: 0 | ADO13: 0 | ADP13: 0 | ADQ13: 0 | ADR13: 0 | ADS13: 0 | ADT13: 0 | ADU13: 0 | ADV13: 0 | ADW13: 0 | ADX13: 0 | ADY13: 0 | ADZ13: 0 | AEA13: 0 | AEB13: 0 | AEC13: 0 | AED13: 0 | AEE13: 0 | AEF13: 0 | AEG13: 0 | AEH13: 0 | AEI13: 0 | AEJ13: 0 | AEK13: 0 | AEL13: 0 | AEM13: 0 | AEN13: 0 | AEO13: 0 | AEP13: 0 | AEQ13: 0 | AER13: 0 | AES13: 0 | AET13: 0 | AEU13: 0 | AEV13: 0 | AEW13: 0 | AEX13: 0 | AEY13: 0 | AEZ13: 1 | AFA13: 0 | AFB13: 0 | AFC13: 0 | AFD13: 0 | AFE13: 0 | AFF13: 1 | AFG13: 1 | AFH13: 0 | AFI13: 0 | AFJ13: 0 | AFK13: 0 | AFL13: 1 | AFM13: 0 | AFN13: 0 | AFO13: 2 | AFP13: 0 | AFQ13: 1 | AFR13: 3 | AFS13: 0 | AFT13: 2 | AFU13: 0 | AFV13: 1 | AFW13: 2 | AFX13: 3 | AFY13: 2 | AFZ13: 2 | AGA13: 0 | AGB13: 2 | AGC13: 2 | AGD13: 2 | AGE13: 2 | AGF13: 1 | AGG13: 1 | AGH13: 1 | AGI13: 2 | AGJ13: 2 | AGK13: 2 | AGL13: 2 | AGM13: 4 | AGN13: 0 | AGO13: 1 | AGP13: 2 | AGQ13: 2 | AGR13: 0 | AGS13: 4 | AGT13: 1 | AGU13: 1 | AGV13: 0 | AGW13: 3 | AGX13: 0 | AGY13: 0 | AGZ13: 1 | AHA13: 0 | AHB13: 0 | AHC13: 2 | AHD13: 0 | AHE13: 1 | AHF13: 3 | AHG13: 0 | AHH13: 2 | AHI13: 0 | AHJ13: 0 | AHK13: 0 | AHL13: 0 | AHM13: 2 | AHN13: 0 | AHO13: 0 | AHP13: 0 | AHQ13: 0 | AHR13: 0 | AHS13: 0 | AHT13: 1 | AHU13: 0 | AHV13: 0 | AHW13: 0 | AHX13: 0 | AHY13: 0 | AHZ13: 0 | AIA13: 0 | AIB13: 2 | AIC13: 0 | AID13: 0 | AIE13: 0 | AIF13: 0 | AIG13: 0 | AIH13: 0 | AII13: 0 | AIJ13: 0 | AIK13: 0 | AIL13: 0 | AIM13: 0 | AIN13: 0 | AIO13: 0 | AIP13: 0 | AIQ13: 0 | AIR13: 0 | AIS13: 0 | AIT13: 0 | AIU13: 0 | AIV13: 0 | AIW13: 0 | AIX13: 0 | AIY13: 0 | AIZ13: 0 | AJA13: 0 | AJB13: 0 | AJC13: 0 | AJD13: 0 | AJE13: 0 | AJF13: 0 | AJG13: 0 | AJH13: 0 | AJI13: 0 | AJJ13: 0 | AJK13: 1 | AJL13: 0 | AJM13: 0 | AJN13: 0 | AJO13: 0 | AJP13: 0 | AJQ13: 0 | AJR13: 0 | AJS13: 1 | AJT13: 0 | AJU13: 0 | AJV13: 0 | AJW13: 0 | AJX13: 0 | AJY13: 0 | AJZ13: 0 | AKA13: 0 | AKB13: 0 | AKC13: 0 | AKD13: 0 | AKE13: 0 | AKF13: 0 | AKG13: 0 | AKH13: 0 | AKI13: 0 | AKJ13: 0 | AKK13: 0 | AKL13: 1 | AKM13: 0 | AKN13: 0 | AKO13: 0 | AKP13: 0 | AKQ13: 0 | AKR13: 0 | AKS13: 0 | AKT13: 0 | AKU13: 0 | AKV13: 0 | AKW13: 0 | AKX13: 0 | AKY13: 0 | AKZ13: 0 | ALA13: 0 | ALB13: 0 | ALC13: 0 | ALD13: 1 | ALE13: 1 | ALF13: 0 | ALG13: 0 | ALH13: 0 | ALI13: 0 | ALJ13: 1 | ALK13: 1 | ALL13: 0 | ALM13: 1 | ALN13: 0 | ALO13: 0 | ALP13: 0 | ALQ13: 0 | ALR13: 0 | ALS13: 0 | ALT13: 0 | ALU13: 0 | ALV13: 0 | ALW13: 1 | ALX13: 0 | ALY13: 0 | ALZ13: 3 | AMA13: 0 | AMB13: 0 | AMC13: 0 | AMD13: 0 | AME13: 0 | AMF13: 1 | AMG13: 0 | AMH13: 1 | AMI13: 0 | AMJ13: 1 | AMK13: 0 | AML13: 1 | AMM13: 1 | AMN13: 0 | AMO13: 0 | AMP13: 1 | AMQ13: 0 | AMR13: 0 | AMS13: 1 | AMT13: 0 | AMU13: 1 | AMV13: 0 | AMW13: 0 | AMX13: 1 | AMY13: 0 | AMZ13: 1 | ANA13: 0 | ANB13: 0 | ANC13: 1 | AND13: 0 | ANE13: 0 | ANF13: 0 | ANG13: 0 | ANH13: 0 | ANI13: 0 | ANJ13: 0 | ANK13: 0 | ANL13: 0 | ANM13: 1 | ANN13: 0 | ANO13: 1 | ANP13: 0 | ANQ13: 0 | ANR13: 0 | ANS13: 0 | ANT13: 0 | ANU13: 0 | ANV13: 0 | ANW13: 0 | ANX13: 0 | ANY13: 0 | ANZ13: 0 | AOA13: 1 | AOB13: 0 | AOC13: 0 | AOD13: 0 | AOE13: 1 | AOF13: 0 | AOG13: 1 | AOH13: 0 | AOI13: 0 | AOJ13: 0 | AOK13: 0 | AOL13: 0 | AOM13: 0 | AON13: 0 | AOO13: 0 | AOP13: 0 | AOQ13: 1 | AOR13: 0 | AOS13: 0 | AOT13: 0 | AOU13: 0 | AOV13: 0 | AOW13: 1 | AOX13: 0 | AOY13: 0 | AOZ13: 0 | APA13: 0 | APB13: 0 | APC13: 0 | APD13: 0 | APE13: 0 | APF13: 0 | APG13: 0 | APH13: 2 | API13: 0 | APJ13: 0 | APK13: 0 | APL13: 0 | APM13: 0 | APN13: 0 | APO13: 0 | APP13: 0 | APQ13: 0 | APR13: 0 | APS13: 0 | APT13: 0 | APU13: 1 | APV13: 0 | APW13: 0 | APX13: 0 | APY13: 0 | APZ13: 0 | AQA13: 0 | AQB13: 0 | AQC13: 0 | AQD13: 1 | AQE13: 0 | AQF13: 0 | AQG13: 0 | AQH13: 0 | AQI13: 0 | AQJ13: 0 | AQK13: 0 | AQL13: 1 | AQM13: 0 | AQN13: 0 | AQO13: 0 | AQP13: 0 | AQQ13: 0 | AQR13: 0 | AQS13: 1 | AQT13: 0 | AQU13: 0 | AQV13: 0 | AQW13: 0 | AQX13: 0 | AQY13: 0 | AQZ13: 0 | ARA13: 0 | ARB13: 0 | ARC13: 0 | ARD13: 0 | ARE13: 0 | ARF13: 0 | ARG13: 1 | ARH13: 0 | ARI13: 0 | ARJ13: 0 | ARK13: 1 | ARL13: 0 | ARM13: 0 | ARN13: 2 | ARO13: 0 | ARP13: 0 | ARQ13: 0 | ARR13: 0 | ARS13: 0 | ART13: 0 | ARU13: 0 | ARV13: 0 | ARW13: 0 | ARX13: 0 | ARY13: 0 | ARZ13: 0 | ASA13: 0 | ASB13: 0 | ASC13: 0 | ASD13: 0 | ASE13: 0 | ASF13: 0 | ASG13: 0 | ASH13: 0 | ASI13: 0 | ASJ13: 2 | ASK13: 0 | ASL13: 0 | ASM13: 0 | ASN13: 0 | ASO13: 0 | ASP13: 0 | ASQ13: 0 | ASR13: 0 | ASS13: 0 | AST13: 0 | ASU13: 0 | ASV13: 1 | ASW13: 0 | ASX13: 0 | ASY13: 0 | ASZ13: 0 | ATA13: 0
A14: 13 | B14: 3086414 | C14: HIDALGO | D14: 0 | E14: 0 | F14: 0 | G14: 0 | H14: 0 | I14: 0 | J14: 0 | K14: 0 | L14: 0 | M14: 0 | N14: 1 | O14: 1 | P14: 0 | Q14: 1 | R14: 0 | S14: 1 | T14: 0 | U14: 1 | V14: 0 | W14: 0 | X14: 0 | Y14: 0 | Z14: 2 | AA14: 0 | AB14: 0 | AC14: 0 | AD14: 0 | AE14: 0 | AF14: 2 | AG14: 3 | AH14: 0 | AI14: 0 | AJ14: 2 | AK14: 2 | AL14: 1 | AM14: 2 | AN14: 2 | AO14: 2 | AP14: 1 | AQ14: 7 | AR14: 8 | AS14: 2 | AT14: 6 | AU14: 2 | AV14: 5 | AW14: 9 | AX14: 2 | AY14: 7 | AZ14: 10 | BA14: 12 | BB14: 8 | BC14: 8 | BD14: 9 | BE14: 6 | BF14: 11 | BG14: 9 | BH14: 13 | BI14: 9 | BJ14: 15 | BK14: 15 | BL14: 10 | BM14: 13 | BN14: 14 | BO14: 8 | BP14: 16 | BQ14: 17 | BR14: 13 | BS14: 13 | BT14: 11 | BU14: 13 | BV14: 12 | BW14: 13 | BX14: 12 | BY14: 12 | BZ14: 11 | CA14: 13 | CB14: 9 | CC14: 7 | CD14: 16 | CE14: 5 | CF14: 3 | CG14: 5 | CH14: 12 | CI14: 15 | CJ14: 9 | CK14: 12 | CL14: 10 | CM14: 8 | CN14: 9 | CO14: 15 | CP14: 11 | CQ14: 12 | CR14: 13 | CS14: 12 | CT14: 10 | CU14: 8 | CV14: 10 | CW14: 9 | CX14: 15 | CY14: 13 | CZ14: 9 | DA14: 18 | DB14: 8 | DC14: 13 | DD14: 12 | DE14: 7 | DF14: 18 | DG14: 14 | DH14: 11 | DI14: 6 | DJ14: 9 | DK14: 7 | DL14: 10 | DM14: 10 | DN14: 10 | DO14: 15 | DP14: 12 | DQ14: 19 | DR14: 16 | DS14: 14 | DT14: 14 | DU14: 15 | DV14: 17 | DW14: 14 | DX14: 9 | DY14: 14 | DZ14: 19 | EA14: 13 | EB14: 9 | EC14: 17 | ED14: 21 | EE14: 14 | EF14: 18 | EG14: 17 | EH14: 17 | EI14: 19 | EJ14: 17 | EK14: 13 | EL14: 19 | EM14: 19 | EN14: 23 | EO14: 21 | EP14: 22 | EQ14: 15 | ER14: 14 | ES14: 16 | ET14: 27 | EU14: 25 | EV14: 19 | EW14: 16 | EX14: 19 | EY14: 13 | EZ14: 14 | FA14: 22 | FB14: 18 | FC14: 19 | FD14: 12 | FE14: 21 | FF14: 22 | FG14: 21 | FH14: 13 | FI14: 30 | FJ14: 17 | FK14: 14 | FL14: 19 | FM14: 19 | FN14: 16 | FO14: 16 | FP14: 16 | FQ14: 15 | FR14: 9 | FS14: 13 | FT14: 13 | FU14: 17 | FV14: 12 | FW14: 12 | FX14: 15 | FY14: 9 | FZ14: 16 | GA14: 13 | GB14: 11 | GC14: 10 | GD14: 8 | GE14: 11 | GF14: 8 | GG14: 14 | GH14: 6 | GI14: 11 | GJ14: 13 | GK14: 9 | GL14: 11 | GM14: 13 | GN14: 13 | GO14: 10 | GP14: 10 | GQ14: 16 | GR14: 12 | GS14: 14 | GT14: 10 | GU14: 10 | GV14: 9 | GW14: 10 | GX14: 7 | GY14: 12 | GZ14: 13 | HA14: 12 | HB14: 12 | HC14: 10 | HD14: 5 | HE14: 6 | HF14: 10 | HG14: 11 | HH14: 10 | HI14: 13 | HJ14: 8 | HK14: 10 | HL14: 11 | HM14: 12 | HN14: 15 | HO14: 9 | HP14: 7 | HQ14: 6 | HR14: 15 | HS14: 17 | HT14: 12 | HU14: 7 | HV14: 17 | HW14: 12 | HX14: 16 | HY14: 13 | HZ14: 5 | IA14: 19 | IB14: 18 | IC14: 10 | ID14: 17 | IE14: 12 | IF14: 8 | IG14: 8 | IH14: 18 | II14: 14 | IJ14: 18 | IK14: 10 | IL14: 15 | IM14: 15 | IN14: 16 | IO14: 10 | IP14: 17 | IQ14: 19 | IR14: 13 | IS14: 16 | IT14: 19 | IU14: 19 | IV14: 12 | IW14: 15 | IX14: 17 | IY14: 25 | IZ14: 14 | JA14: 17 | JB14: 14 | JC14: 15 | JD14: 11 | JE14: 22 | JF14: 29 | JG14: 26 | JH14: 21 | JI14: 20 | JJ14: 14 | JK14: 22 | JL14: 24 | JM14: 27 | JN14: 14 | JO14: 20 | JP14: 22 | JQ14: 24 | JR14: 26 | JS14: 21 | JT14: 37 | JU14: 23 | JV14: 33 | JW14: 25 | JX14: 25 | JY14: 26 | JZ14: 37 | KA14: 22 | KB14: 27 | KC14: 35 | KD14: 33 | KE14: 35 | KF14: 24 | KG14: 38 | KH14: 28 | KI14: 32 | KJ14: 36 | KK14: 34 | KL14: 47 | KM14: 38 | KN14: 41 | KO14: 43 | KP14: 41 | KQ14: 30 | KR14: 53 | KS14: 35 | KT14: 46 | KU14: 43 | KV14: 53 | KW14: 55 | KX14: 48 | KY14: 44 | KZ14: 40 | LA14: 49 | LB14: 45 | LC14: 53 | LD14: 49 | LE14: 53 | LF14: 46 | LG14: 44 | LH14: 45 | LI14: 36 | LJ14: 36 | LK14: 45 | LL14: 39 | LM14: 39 | LN14: 47 | LO14: 44 | LP14: 34 | LQ14: 45 | LR14: 38 | LS14: 31 | LT14: 41 | LU14: 28 | LV14: 38 | LW14: 32 | LX14: 27 | LY14: 20 | LZ14: 25 | MA14: 27 | MB14: 22 | MC14: 25 | MD14: 18 | ME14: 17 | MF14: 22 | MG14: 19 | MH14: 21 | MI14: 17 | MJ14: 14 | MK14: 17 | ML14: 16 | MM14: 10 | MN14: 23 | MO14: 12 | MP14: 11 | MQ14: 17 | MR14: 11 | MS14: 20 | MT14: 5 | MU14: 13 | MV14: 14 | MW14: 21 | MX14: 7 | MY14: 9 | MZ14: 7 | NA14: 10 | NB14: 16 | NC14: 6 | ND14: 13 | NE14: 10 | NF14: 6 | NG14: 14 | NH14: 14 | NI14: 7 | NJ14: 4 | NK14: 11 | NL14: 7 | NM14: 3 | NN14: 5 | NO14: 10 | NP14: 9 | NQ14: 12 | NR14: 4 | NS14: 8 | NT14: 6 | NU14: 11 | NV14: 13 | NW14: 8 | NX14: 10 | NY14: 7 | NZ14: 9 | OA14: 3 | OB14: 3 | OC14: 6 | OD14: 6 | OE14: 10 | OF14: 5 | OG14: 3 | OH14: 15 | OI14: 5 | OJ14: 11 | OK14: 5 | OL14: 9 | OM14: 9 | ON14: 8 | OO14: 5 | OP14: 7 | OQ14: 3 | OR14: 7 | OS14: 5 | OT14: 7 | OU14: 6 | OV14: 7 | OW14: 1 | OX14: 6 | OY14: 1 | OZ14: 5 | PA14: 3 | PB14: 3 | PC14: 4 | PD14: 3 | PE14: 5 | PF14: 1 | PG14: 2 | PH14: 6 | PI14: 3 | PJ14: 1 | PK14: 5 | PL14: 2 | PM14: 0 | PN14: 2 | PO14: 4 | PP14: 2 | PQ14: 3 | PR14: 2 | PS14: 0 | PT14: 1 | PU14: 2 | PV14: 3 | PW14: 1 | PX14: 1 | PY14: 2 | PZ14: 1 | QA14: 2 | QB14: 1 | QC14: 2 | QD14: 1 | QE14: 2 | QF14: 3 | QG14: 0 | QH14: 1 | QI14: 3 | QJ14: 2 | QK14: 0 | QL14: 3 | QM14: 2 | QN14: 2 | QO14: 1 | QP14: 0 | QQ14: 2 | QR14: 3 | QS14: 1 | QT14: 0 | QU14: 1 | QV14: 1 | QW14: 0 | QX14: 3 | QY14: 2 | QZ14: 0 | RA14: 1 | RB14: 1 | RC14: 1 | RD14: 0 | RE14: 0 | RF14: 1 | RG14: 1 | RH14: 0 | RI14: 3 | RJ14: 4 | RK14: 1 | RL14: 1 | RM14: 2 | RN14: 2 | RO14: 1 | RP14: 4 | RQ14: 3 | RR14: 1 | RS14: 4 | RT14: 3 | RU14: 3 | RV14: 10 | RW14: 6 | RX14: 4 | RY14: 4 | RZ14: 8 | SA14: 5 | SB14: 6 | SC14: 4 | SD14: 9 | SE14: 4 | SF14: 13 | SG14: 6 | SH14: 11 | SI14: 13 | SJ14: 12 | SK14: 10 | SL14: 9 | SM14: 11 | SN14: 12 | SO14: 20 | SP14: 12 | SQ14: 17 | SR14: 20 | SS14: 18 | ST14: 19 | SU14: 15 | SV14: 20 | SW14: 20 | SX14: 15 | SY14: 33 | SZ14: 25 | TA14: 20 | TB14: 26 | TC14: 24 | TD14: 21 | TE14: 17 | TF14: 23 | TG14: 20 | TH14: 25 | TI14: 18 | TJ14: 30 | TK14: 21 | TL14: 18 | TM14: 26 | TN14: 21 | TO14: 22 | TP14: 21 | TQ14: 29 | TR14: 21 | TS14: 26 | TT14: 19 | TU14: 24 | TV14: 26 | TW14: 35 | TX14: 12 | TY14: 8 | TZ14: 26 | UA14: 20 | UB14: 16 | UC14: 14 | UD14: 22 | UE14: 20 | UF14: 16 | UG14: 13 | UH14: 10 | UI14: 17 | UJ14: 14 | UK14: 20 | UL14: 16 | UM14: 15 | UN14: 8 | UO14: 9 | UP14: 20 | UQ14: 12 | UR14: 9 | US14: 6 | UT14: 9 | UU14: 14 | UV14: 10 | UW14: 11 | UX14: 7 | UY14: 8 | UZ14: 6 | VA14: 9 | VB14: 6 | VC14: 12 | VD14: 6 | VE14: 9 | VF14: 5 | VG14: 2 | VH14: 8 | VI14: 5 | VJ14: 6 | VK14: 5 | VL14: 2 | VM14: 8 | VN14: 3 | VO14: 5 | VP14: 6 | VQ14: 8 | VR14: 4 | VS14: 4 | VT14: 5 | VU14: 6 | VV14: 1 | VW14: 4 | VX14: 2 | VY14: 3 | VZ14: 2 | WA14: 1 | WB14: 2 | WC14: 2 | WD14: 3 | WE14: 1 | WF14: 5 | WG14: 2 | WH14: 1 | WI14: 4 | WJ14: 2 | WK14: 2 | WL14: 4 | WM14: 5 | WN14: 2 | WO14: 3 | WP14: 2 | WQ14: 5 | WR14: 2 | WS14: 2 | WT14: 0 | WU14: 2 | WV14: 3 | WW14: 3 | WX14: 2 | WY14: 2 | WZ14: 1 | XA14: 2 | XB14: 0 | XC14: 2 | XD14: 2 | XE14: 1 | XF14: 2 | XG14: 0 | XH14: 0 | XI14: 2 | XJ14: 0 | XK14: 5 | XL14: 3 | XM14: 1 | XN14: 1 | XO14: 1 | XP14: 1 | XQ14: 2 | XR14: 0 | XS14: 3 | XT14: 1 | XU14: 1 | XV14: 0 | XW14: 0 | XX14: 0 | XY14: 1 | XZ14: 2 | YA14: 0 | YB14: 1 | YC14: 0 | YD14: 1 | YE14: 3 | YF14: 0 | YG14: 3 | YH14: 1 | YI14: 1 | YJ14: 0 | YK14: 1 | YL14: 0 | YM14: 2 | YN14: 3 | YO14: 2 | YP14: 0 | YQ14: 0 | YR14: 0 | YS14: 5 | YT14: 3 | YU14: 2 | YV14: 4 | YW14: 5 | YX14: 5 | YY14: 4 | YZ14: 6 | ZA14: 9 | ZB14: 5 | ZC14: 8 | ZD14: 8 | ZE14: 6 | ZF14: 7 | ZG14: 5 | ZH14: 11 | ZI14: 10 | ZJ14: 9 | ZK14: 7 | ZL14: 10 | ZM14: 10 | ZN14: 9 | ZO14: 10 | ZP14: 18 | ZQ14: 17 | ZR14: 12 | ZS14: 11 | ZT14: 8 | ZU14: 13 | ZV14: 13 | ZW14: 9 | ZX14: 18 | ZY14: 13 | ZZ14: 8 | AAA14: 14 | AAB14: 11 | AAC14: 9 | AAD14: 10 | AAE14: 10 | AAF14: 9 | AAG14: 6 | AAH14: 7 | AAI14: 8 | AAJ14: 8 | AAK14: 5 | AAL14: 3 | AAM14: 7 | AAN14: 7 | AAO14: 5 | AAP14: 6 | AAQ14: 6 | AAR14: 4 | AAS14: 1 | AAT14: 3 | AAU14: 2 | AAV14: 3 | AAW14: 0 | AAX14: 1 | AAY14: 3 | AAZ14: 0 | ABA14: 1 | ABB14: 3 | ABC14: 1 | ABD14: 2 | ABE14: 1 | ABF14: 1 | ABG14: 2 | ABH14: 0 | ABI14: 1 | ABJ14: 0 | ABK14: 1 | ABL14: 0 | ABM14: 1 | ABN14: 1 | ABO14: 0 | ABP14: 1 | ABQ14: 0 | ABR14: 1 | ABS14: 0 | ABT14: 0 | ABU14: 0 | ABV14: 1 | ABW14: 0 | ABX14: 0 | ABY14: 1 | ABZ14: 1 | ACA14: 1 | ACB14: 1 | ACC14: 0 | ACD14: 1 | ACE14: 0 | ACF14: 1 | ACG14: 0 | ACH14: 0 | ACI14: 0 | ACJ14: 1 | ACK14: 0 | ACL14: 0 | ACM14: 0 | ACN14: 0 | ACO14: 0 | ACP14: 1 | ACQ14: 0 | ACR14: 0 | ACS14: 0 | ACT14: 0 | ACU14: 0 | ACV14: 0 | ACW14: 0 | ACX14: 0 | ACY14: 0 | ACZ14: 0 | ADA14: 0 | ADB14: 0 | ADC14: 0 | ADD14: 0 | ADE14: 0 | ADF14: 0 | ADG14: 0 | ADH14: 0 | ADI14: 0 | ADJ14: 0 | ADK14: 0 | ADL14: 0 | ADM14: 1 | ADN14: 0 | ADO14: 0 | ADP14: 0 | ADQ14: 0 | ADR14: 0 | ADS14: 0 | ADT14: 0 | ADU14: 1 | ADV14: 0 | ADW14: 0 | ADX14: 0 | ADY14: 0 | ADZ14: 0 | AEA14: 0 | AEB14: 1 | AEC14: 0 | AED14: 0 | AEE14: 0 | AEF14: 0 | AEG14: 0 | AEH14: 0 | AEI14: 0 | AEJ14: 0 | AEK14: 0 | AEL14: 0 | AEM14: 0 | AEN14: 0 | AEO14: 0 | AEP14: 0 | AEQ14: 0 | AER14: 0 | AES14: 0 | AET14: 0 | AEU14: 0 | AEV14: 0 | AEW14: 1 | AEX14: 0 | AEY14: 0 | AEZ14: 0 | AFA14: 0 | AFB14: 0 | AFC14: 0 | AFD14: 0 | AFE14: 0 | AFF14: 1 | AFG14: 1 | AFH14: 0 | AFI14: 0 | AFJ14: 1 | AFK14: 0 | AFL14: 1 | AFM14: 3 | AFN14: 0 | AFO14: 0 | AFP14: 0 | AFQ14: 2 | AFR14: 2 | AFS14: 4 | AFT14: 1 | AFU14: 1 | AFV14: 2 | AFW14: 4 | AFX14: 1 | AFY14: 2 | AFZ14: 1 | AGA14: 2 | AGB14: 0 | AGC14: 3 | AGD14: 1 | AGE14: 1 | AGF14: 2 | AGG14: 2 | AGH14: 2 | AGI14: 1 | AGJ14: 6 | AGK14: 2 | AGL14: 2 | AGM14: 3 | AGN14: 1 | AGO14: 4 | AGP14: 2 | AGQ14: 5 | AGR14: 2 | AGS14: 3 | AGT14: 3 | AGU14: 2 | AGV14: 2 | AGW14: 1 | AGX14: 0 | AGY14: 1 | AGZ14: 0 | AHA14: 1 | AHB14: 5 | AHC14: 2 | AHD14: 0 | AHE14: 0 | AHF14: 0 | AHG14: 1 | AHH14: 1 | AHI14: 3 | AHJ14: 2 | AHK14: 2 | AHL14: 1 | AHM14: 2 | AHN14: 2 | AHO14: 0 | AHP14: 1 | AHQ14: 0 | AHR14: 3 | AHS14: 3 | AHT14: 0 | AHU14: 0 | AHV14: 1 | AHW14: 0 | AHX14: 2 | AHY14: 1 | AHZ14: 1 | AIA14: 0 | AIB14: 0 | AIC14: 1 | AID14: 0 | AIE14: 0 | AIF14: 0 | AIG14: 0 | AIH14: 0 | AII14: 0 | AIJ14: 0 | AIK14: 1 | AIL14: 1 | AIM14: 1 | AIN14: 0 | AIO14: 0 | AIP14: 0 | AIQ14: 1 | AIR14: 0 | AIS14: 0 | AIT14: 1 | AIU14: 0 | AIV14: 0 | AIW14: 0 | AIX14: 0 | AIY14: 0 | AIZ14: 0 | AJA14: 0 | AJB14: 0 | AJC14: 0 | AJD14: 0 | AJE14: 0 | AJF14: 0 | AJG14: 0 | AJH14: 1 | AJI14: 0 | AJJ14: 0 | AJK14: 1 | AJL14: 0 | AJM14: 0 | AJN14: 0 | AJO14: 0 | AJP14: 0 | AJQ14: 0 | AJR14: 0 | AJS14: 0 | AJT14: 0 | AJU14: 0 | AJV14: 0 | AJW14: 0 | AJX14: 0 | AJY14: 0 | AJZ14: 1 | AKA14: 0 | AKB14: 0 | AKC14: 0 | AKD14: 0 | AKE14: 0 | AKF14: 0 | AKG14: 0 | AKH14: 0 | AKI14: 0 | AKJ14: 0 | AKK14: 0 | AKL14: 1 | AKM14: 0 | AKN14: 0 | AKO14: 0 | AKP14: 0 | AKQ14: 0 | AKR14: 0 | AKS14: 0 | AKT14: 0 | AKU14: 0 | AKV14: 0 | AKW14: 0 | AKX14: 0 | AKY14: 0 | AKZ14: 0 | ALA14: 0 | ALB14: 1 | ALC14: 0 | ALD14: 1 | ALE14: 0 | ALF14: 0 | ALG14: 0 | ALH14: 0 | ALI14: 0 | ALJ14: 0 | ALK14: 0 | ALL14: 1 | ALM14: 0 | ALN14: 1 | ALO14: 0 | ALP14: 0 | ALQ14: 0 | ALR14: 0 | ALS14: 0 | ALT14: 0 | ALU14: 2 | ALV14: 1 | ALW14: 0 | ALX14: 0 | ALY14: 1 | ALZ14: 0 | AMA14: 1 | AMB14: 1 | AMC14: 0 | AMD14: 0 | AME14: 0 | AMF14: 1 | AMG14: 1 | AMH14: 0 | AMI14: 0 | AMJ14: 1 | AMK14: 1 | AML14: 3 | AMM14: 4 | AMN14: 0 | AMO14: 3 | AMP14: 2 | AMQ14: 4 | AMR14: 1 | AMS14: 1 | AMT14: 1 | AMU14: 4 | AMV14: 1 | AMW14: 0 | AMX14: 1 | AMY14: 0 | AMZ14: 3 | ANA14: 2 | ANB14: 1 | ANC14: 1 | AND14: 1 | ANE14: 3 | ANF14: 2 | ANG14: 3 | ANH14: 2 | ANI14: 1 | ANJ14: 3 | ANK14: 1 | ANL14: 1 | ANM14: 0 | ANN14: 0 | ANO14: 1 | ANP14: 1 | ANQ14: 1 | ANR14: 0 | ANS14: 0 | ANT14: 3 | ANU14: 0 | ANV14: 2 | ANW14: 0 | ANX14: 0 | ANY14: 0 | ANZ14: 4 | AOA14: 1 | AOB14: 1 | AOC14: 2 | AOD14: 2 | AOE14: 1 | AOF14: 2 | AOG14: 0 | AOH14: 2 | AOI14: 0 | AOJ14: 1 | AOK14: 0 | AOL14: 0 | AOM14: 0 | AON14: 0 | AOO14: 0 | AOP14: 2 | AOQ14: 0 | AOR14: 1 | AOS14: 0 | AOT14: 0 | AOU14: 1 | AOV14: 3 | AOW14: 1 | AOX14: 1 | AOY14: 0 | AOZ14: 1 | APA14: 0 | APB14: 1 | APC14: 0 | APD14: 0 | APE14: 0 | APF14: 0 | APG14: 0 | APH14: 0 | API14: 1 | APJ14: 1 | APK14: 0 | APL14: 0 | APM14: 0 | APN14: 1 | APO14: 3 | APP14: 2 | APQ14: 0 | APR14: 2 | APS14: 0 | APT14: 2 | APU14: 0 | APV14: 0 | APW14: 0 | APX14: 1 | APY14: 0 | APZ14: 1 | AQA14: 0 | AQB14: 0 | AQC14: 0 | AQD14: 0 | AQE14: 0 | AQF14: 0 | AQG14: 0 | AQH14: 0 | AQI14: 0 | AQJ14: 1 | AQK14: 0 | AQL14: 0 | AQM14: 1 | AQN14: 0 | AQO14: 3 | AQP14: 0 | AQQ14: 0 | AQR14: 1 | AQS14: 2 | AQT14: 2 | AQU14: 1 | AQV14: 1 | AQW14: 1 | AQX14: 0 | AQY14: 0 | AQZ14: 0 | ARA14: 0 | ARB14: 0 | ARC14: 0 | ARD14: 0 | ARE14: 2 | ARF14: 0 | ARG14: 0 | ARH14: 0 | ARI14: 0 | ARJ14: 0 | ARK14: 1 | ARL14: 0 | ARM14: 0 | ARN14: 1 | ARO14: 0 | ARP14: 0 | ARQ14: 1 | ARR14: 1 | ARS14: 0 | ART14: 0 | ARU14: 0 | ARV14: 1 | ARW14: 1 | ARX14: 1 | ARY14: 0 | ARZ14: 1 | ASA14: 1 | ASB14: 1 | ASC14: 1 | ASD14: 0 | ASE14: 0 | ASF14: 0 | ASG14: 0 | ASH14: 1 | ASI14: 0 | ASJ14: 0 | ASK14: 0 | ASL14: 0 | ASM14: 0 | ASN14: 0 | ASO14: 1 | ASP14: 0 | ASQ14: 0 | ASR14: 0 | ASS14: 0 | AST14: 0 | ASU14: 0 | ASV14: 0 | ASW14: 0 | ASX14: 0 | ASY14: 0 | ASZ14: 0 | ATA14: 0
A15: 14 | B15: 8409693 | C15: JALISCO | D15: 0 | E15: 0 | F15: 0 | G15: 1 | H15: 0 | I15: 0 | J15: 0 | K15: 0 | L15: 0 | M15: 2 | N15: 0 | O15: 0 | P15: 0 | Q15: 0 | R15: 1 | S15: 0 | T15: 2 | U15: 0 | V15: 0 | W15: 1 | X15: 0 | Y15: 1 | Z15: 1 | AA15: 0 | AB15: 1 | AC15: 1 | AD15: 0 | AE15: 0 | AF15: 0 | AG15: 0 | AH15: 1 | AI15: 1 | AJ15: 0 | AK15: 2 | AL15: 1 | AM15: 1 | AN15: 3 | AO15: 1 | AP15: 3 | AQ15: 2 | AR15: 0 | AS15: 1 | AT15: 3 | AU15: 2 | AV15: 3 | AW15: 0 | AX15: 4 | AY15: 3 | AZ15: 3 | BA15: 3 | BB15: 5 | BC15: 3 | BD15: 0 | BE15: 3 | BF15: 4 | BG15: 2 | BH15: 4 | BI15: 3 | BJ15: 4 | BK15: 7 | BL15: 9 | BM15: 6 | BN15: 3 | BO15: 1 | BP15: 6 | BQ15: 9 | BR15: 3 | BS15: 4 | BT15: 5 | BU15: 8 | BV15: 5 | BW15: 6 | BX15: 4 | BY15: 6 | BZ15: 14 | CA15: 11 | CB15: 21 | CC15: 12 | CD15: 18 | CE15: 24 | CF15: 18 | CG15: 19 | CH15: 23 | CI15: 18 | CJ15: 26 | CK15: 13 | CL15: 26 | CM15: 29 | CN15: 15 | CO15: 29 | CP15: 19 | CQ15: 26 | CR15: 34 | CS15: 20 | CT15: 25 | CU15: 29 | CV15: 31 | CW15: 23 | CX15: 29 | CY15: 30 | CZ15: 30 | DA15: 21 | DB15: 23 | DC15: 29 | DD15: 35 | DE15: 22 | DF15: 34 | DG15: 23 | DH15: 34 | DI15: 42 | DJ15: 36 | DK15: 28 | DL15: 32 | DM15: 33 | DN15: 30 | DO15: 26 | DP15: 35 | DQ15: 33 | DR15: 36 | DS15: 27 | DT15: 39 | DU15: 34 | DV15: 20 | DW15: 28 | DX15: 29 | DY15: 39 | DZ15: 36 | EA15: 27 | EB15: 35 | EC15: 25 | ED15: 34 | EE15: 28 | EF15: 37 | EG15: 44 | EH15: 22 | EI15: 38 | EJ15: 21 | EK15: 32 | EL15: 28 | EM15: 30 | EN15: 33 | EO15: 33 | EP15: 36 | EQ15: 34 | ER15: 41 | ES15: 29 | ET15: 21 | EU15: 41 | EV15: 33 | EW15: 31 | EX15: 34 | EY15: 30 | EZ15: 33 | FA15: 34 | FB15: 27 | FC15: 41 | FD15: 33 | FE15: 28 | FF15: 38 | FG15: 41 | FH15: 28 | FI15: 33 | FJ15: 39 | FK15: 27 | FL15: 31 | FM15: 28 | FN15: 24 | FO15: 28 | FP15: 33 | FQ15: 31 | FR15: 25 | FS15: 27 | FT15: 23 | FU15: 45 | FV15: 28 | FW15: 39 | FX15: 28 | FY15: 28 | FZ15: 31 | GA15: 24 | GB15: 35 | GC15: 34 | GD15: 24 | GE15: 35 | GF15: 38 | GG15: 33 | GH15: 37 | GI15: 27 | GJ15: 24 | GK15: 27 | GL15: 24 | GM15: 19 | GN15: 25 | GO15: 31 | GP15: 21 | GQ15: 28 | GR15: 30 | GS15: 17 | GT15: 34 | GU15: 30 | GV15: 23 | GW15: 16 | GX15: 31 | GY15: 21 | GZ15: 19 | HA15: 29 | HB15: 24 | HC15: 24 | HD15: 21 | HE15: 30 | HF15: 23 | HG15: 27 | HH15: 27 | HI15: 27 | HJ15: 24 | HK15: 22 | HL15: 30 | HM15: 28 | HN15: 35 | HO15: 39 | HP15: 30 | HQ15: 34 | HR15: 39 | HS15: 25 | HT15: 34 | HU15: 36 | HV15: 18 | HW15: 27 | HX15: 25 | HY15: 34 | HZ15: 35 | IA15: 40 | IB15: 28 | IC15: 24 | ID15: 28 | IE15: 24 | IF15: 30 | IG15: 35 | IH15: 18 | II15: 32 | IJ15: 25 | IK15: 23 | IL15: 22 | IM15: 24 | IN15: 27 | IO15: 31 | IP15: 31 | IQ15: 21 | IR15: 33 | IS15: 27 | IT15: 34 | IU15: 32 | IV15: 27 | IW15: 28 | IX15: 26 | IY15: 31 | IZ15: 35 | JA15: 29 | JB15: 44 | JC15: 34 | JD15: 35 | JE15: 33 | JF15: 25 | JG15: 29 | JH15: 34 | JI15: 41 | JJ15: 39 | JK15: 53 | JL15: 38 | JM15: 52 | JN15: 58 | JO15: 37 | JP15: 43 | JQ15: 47 | JR15: 45 | JS15: 41 | JT15: 53 | JU15: 62 | JV15: 43 | JW15: 68 | JX15: 52 | JY15: 60 | JZ15: 50 | KA15: 63 | KB15: 52 | KC15: 57 | KD15: 52 | KE15: 63 | KF15: 57 | KG15: 45 | KH15: 81 | KI15: 70 | KJ15: 73 | KK15: 58 | KL15: 59 | KM15: 105 | KN15: 85 | KO15: 113 | KP15: 108 | KQ15: 110 | KR15: 90 | KS15: 99 | KT15: 93 | KU15: 96 | KV15: 109 | KW15: 99 | KX15: 125 | KY15: 133 | KZ15: 117 | LA15: 123 | LB15: 116 | LC15: 110 | LD15: 111 | LE15: 127 | LF15: 109 | LG15: 96 | LH15: 106 | LI15: 100 | LJ15: 122 | LK15: 109 | LL15: 84 | LM15: 91 | LN15: 100 | LO15: 86 | LP15: 83 | LQ15: 71 | LR15: 64 | LS15: 68 | LT15: 85 | LU15: 76 | LV15: 71 | LW15: 60 | LX15: 66 | LY15: 57 | LZ15: 50 | MA15: 46 | MB15: 55 | MC15: 54 | MD15: 54 | ME15: 41 | MF15: 37 | MG15: 45 | MH15: 44 | MI15: 44 | MJ15: 36 | MK15: 42 | ML15: 31 | MM15: 38 | MN15: 28 | MO15: 31 | MP15: 25 | MQ15: 26 | MR15: 29 | MS15: 27 | MT15: 22 | MU15: 25 | MV15: 28 | MW15: 23 | MX15: 34 | MY15: 30 | MZ15: 25 | NA15: 19 | NB15: 20 | NC15: 20 | ND15: 22 | NE15: 14 | NF15: 14 | NG15: 8 | NH15: 21 | NI15: 12 | NJ15: 13 | NK15: 13 | NL15: 15 | NM15: 11 | NN15: 12 | NO15: 28 | NP15: 19 | NQ15: 9 | NR15: 12 | NS15: 11 | NT15: 13 | NU15: 14 | NV15: 16 | NW15: 12 | NX15: 13 | NY15: 7 | NZ15: 21 | OA15: 17 | OB15: 12 | OC15: 3 | OD15: 7 | OE15: 20 | OF15: 14 | OG15: 20 | OH15: 8 | OI15: 11 | OJ15: 12 | OK15: 8 | OL15: 11 | OM15: 14 | ON15: 11 | OO15: 6 | OP15: 10 | OQ15: 13 | OR15: 9 | OS15: 11 | OT15: 9 | OU15: 5 | OV15: 9 | OW15: 5 | OX15: 5 | OY15: 9 | OZ15: 8 | PA15: 7 | PB15: 13 | PC15: 4 | PD15: 4 | PE15: 5 | PF15: 7 | PG15: 10 | PH15: 1 | PI15: 6 | PJ15: 5 | PK15: 6 | PL15: 2 | PM15: 2 | PN15: 14 | PO15: 6 | PP15: 4 | PQ15: 5 | PR15: 3 | PS15: 0 | PT15: 1 | PU15: 3 | PV15: 6 | PW15: 7 | PX15: 5 | PY15: 3 | PZ15: 3 | QA15: 4 | QB15: 5 | QC15: 1 | QD15: 6 | QE15: 2 | QF15: 3 | QG15: 1 | QH15: 2 | QI15: 4 | QJ15: 3 | QK15: 4 | QL15: 3 | QM15: 1 | QN15: 5 | QO15: 3 | QP15: 0 | QQ15: 3 | QR15: 1 | QS15: 2 | QT15: 3 | QU15: 1 | QV15: 8 | QW15: 0 | QX15: 3 | QY15: 3 | QZ15: 3 | RA15: 0 | RB15: 4 | RC15: 2 | RD15: 4 | RE15: 4 | RF15: 2 | RG15: 8 | RH15: 2 | RI15: 2 | RJ15: 8 | RK15: 6 | RL15: 12 | RM15: 9 | RN15: 12 | RO15: 9 | RP15: 7 | RQ15: 10 | RR15: 10 | RS15: 11 | RT15: 13 | RU15: 13 | RV15: 18 | RW15: 15 | RX15: 19 | RY15: 13 | RZ15: 25 | SA15: 26 | SB15: 19 | SC15: 26 | SD15: 21 | SE15: 22 | SF15: 44 | SG15: 35 | SH15: 33 | SI15: 43 | SJ15: 55 | SK15: 54 | SL15: 46 | SM15: 74 | SN15: 59 | SO15: 63 | SP15: 58 | SQ15: 46 | SR15: 49 | SS15: 67 | ST15: 59 | SU15: 62 | SV15: 67 | SW15: 65 | SX15: 63 | SY15: 62 | SZ15: 68 | TA15: 80 | TB15: 54 | TC15: 88 | TD15: 61 | TE15: 70 | TF15: 87 | TG15: 77 | TH15: 59 | TI15: 74 | TJ15: 55 | TK15: 63 | TL15: 71 | TM15: 51 | TN15: 57 | TO15: 63 | TP15: 62 | TQ15: 75 | TR15: 49 | TS15: 52 | TT15: 58 | TU15: 59 | TV15: 54 | TW15: 46 | TX15: 47 | TY15: 56 | TZ15: 45 | UA15: 57 | UB15: 41 | UC15: 51 | UD15: 48 | UE15: 53 | UF15: 37 | UG15: 43 | UH15: 39 | UI15: 31 | UJ15: 40 | UK15: 45 | UL15: 31 | UM15: 39 | UN15: 38 | UO15: 38 | UP15: 27 | UQ15: 32 | UR15: 37 | US15: 33 | UT15: 31 | UU15: 25 | UV15: 28 | UW15: 27 | UX15: 33 | UY15: 30 | UZ15: 36 | VA15: 21 | VB15: 34 | VC15: 32 | VD15: 27 | VE15: 24 | VF15: 24 | VG15: 25 | VH15: 23 | VI15: 30 | VJ15: 26 | VK15: 18 | VL15: 27 | VM15: 18 | VN15: 16 | VO15: 26 | VP15: 19 | VQ15: 20 | VR15: 11 | VS15: 18 | VT15: 14 | VU15: 14 | VV15: 17 | VW15: 16 | VX15: 14 | VY15: 7 | VZ15: 16 | WA15: 17 | WB15: 9 | WC15: 9 | WD15: 15 | WE15: 8 | WF15: 11 | WG15: 8 | WH15: 6 | WI15: 12 | WJ15: 12 | WK15: 6 | WL15: 8 | WM15: 6 | WN15: 9 | WO15: 7 | WP15: 7 | WQ15: 4 | WR15: 8 | WS15: 5 | WT15: 4 | WU15: 6 | WV15: 8 | WW15: 4 | WX15: 9 | WY15: 5 | WZ15: 9 | XA15: 5 | XB15: 5 | XC15: 2 | XD15: 6 | XE15: 1 | XF15: 6 | XG15: 6 | XH15: 8 | XI15: 8 | XJ15: 5 | XK15: 3 | XL15: 6 | XM15: 3 | XN15: 3 | XO15: 3 | XP15: 2 | XQ15: 8 | XR15: 5 | XS15: 3 | XT15: 1 | XU15: 6 | XV15: 7 | XW15: 5 | XX15: 5 | XY15: 3 | XZ15: 5 | YA15: 6 | YB15: 4 | YC15: 4 | YD15: 3 | YE15: 8 | YF15: 3 | YG15: 3 | YH15: 1 | YI15: 5 | YJ15: 3 | YK15: 8 | YL15: 11 | YM15: 5 | YN15: 10 | YO15: 5 | YP15: 10 | YQ15: 14 | YR15: 8 | YS15: 6 | YT15: 10 | YU15: 11 | YV15: 9 | YW15: 16 | YX15: 23 | YY15: 28 | YZ15: 30 | ZA15: 37 | ZB15: 24 | ZC15: 38 | ZD15: 41 | ZE15: 36 | ZF15: 33 | ZG15: 44 | ZH15: 39 | ZI15: 54 | ZJ15: 58 | ZK15: 49 | ZL15: 58 | ZM15: 48 | ZN15: 80 | ZO15: 56 | ZP15: 61 | ZQ15: 56 | ZR15: 55 | ZS15: 52 | ZT15: 45 | ZU15: 45 | ZV15: 46 | ZW15: 43 | ZX15: 36 | ZY15: 34 | ZZ15: 35 | AAA15: 28 | AAB15: 27 | AAC15: 22 | AAD15: 28 | AAE15: 24 | AAF15: 31 | AAG15: 23 | AAH15: 20 | AAI15: 22 | AAJ15: 12 | AAK15: 22 | AAL15: 12 | AAM15: 13 | AAN15: 9 | AAO15: 12 | AAP15: 17 | AAQ15: 10 | AAR15: 4 | AAS15: 4 | AAT15: 3 | AAU15: 7 | AAV15: 4 | AAW15: 8 | AAX15: 8 | AAY15: 7 | AAZ15: 3 | ABA15: 3 | ABB15: 7 | ABC15: 1 | ABD15: 6 | ABE15: 3 | ABF15: 1 | ABG15: 3 | ABH15: 0 | ABI15: 4 | ABJ15: 2 | ABK15: 2 | ABL15: 2 | ABM15: 1 | ABN15: 2 | ABO15: 1 | ABP15: 1 | ABQ15: 0 | ABR15: 1 | ABS15: 1 | ABT15: 1 | ABU15: 2 | ABV15: 1 | ABW15: 4 | ABX15: 0 | ABY15: 0 | ABZ15: 3 | ACA15: 3 | ACB15: 2 | ACC15: 0 | ACD15: 0 | ACE15: 0 | ACF15: 1 | ACG15: 0 | ACH15: 2 | ACI15: 0 | ACJ15: 1 | ACK15: 1 | ACL15: 1 | ACM15: 0 | ACN15: 0 | ACO15: 1 | ACP15: 1 | ACQ15: 1 | ACR15: 1 | ACS15: 0 | ACT15: 1 | ACU15: 0 | ACV15: 0 | ACW15: 0 | ACX15: 1 | ACY15: 2 | ACZ15: 1 | ADA15: 0 | ADB15: 0 | ADC15: 1 | ADD15: 0 | ADE15: 0 | ADF15: 0 | ADG15: 0 | ADH15: 0 | ADI15: 0 | ADJ15: 0 | ADK15: 1 | ADL15: 0 | ADM15: 0 | ADN15: 1 | ADO15: 1 | ADP15: 1 | ADQ15: 0 | ADR15: 0 | ADS15: 1 | ADT15: 0 | ADU15: 0 | ADV15: 1 | ADW15: 1 | ADX15: 2 | ADY15: 0 | ADZ15: 0 | AEA15: 0 | AEB15: 1 | AEC15: 0 | AED15: 1 | AEE15: 1 | AEF15: 0 | AEG15: 0 | AEH15: 1 | AEI15: 1 | AEJ15: 0 | AEK15: 0 | AEL15: 0 | AEM15: 0 | AEN15: 1 | AEO15: 1 | AEP15: 2 | AEQ15: 0 | AER15: 0 | AES15: 1 | AET15: 1 | AEU15: 0 | AEV15: 1 | AEW15: 1 | AEX15: 0 | AEY15: 0 | AEZ15: 0 | AFA15: 0 | AFB15: 2 | AFC15: 0 | AFD15: 0 | AFE15: 1 | AFF15: 0 | AFG15: 1 | AFH15: 0 | AFI15: 2 | AFJ15: 1 | AFK15: 3 | AFL15: 0 | AFM15: 1 | AFN15: 2 | AFO15: 3 | AFP15: 2 | AFQ15: 1 | AFR15: 4 | AFS15: 2 | AFT15: 2 | AFU15: 3 | AFV15: 6 | AFW15: 5 | AFX15: 3 | AFY15: 4 | AFZ15: 3 | AGA15: 0 | AGB15: 2 | AGC15: 8 | AGD15: 2 | AGE15: 1 | AGF15: 4 | AGG15: 5 | AGH15: 4 | AGI15: 2 | AGJ15: 5 | AGK15: 2 | AGL15: 4 | AGM15: 4 | AGN15: 6 | AGO15: 4 | AGP15: 4 | AGQ15: 5 | AGR15: 2 | AGS15: 0 | AGT15: 2 | AGU15: 4 | AGV15: 3 | AGW15: 2 | AGX15: 2 | AGY15: 5 | AGZ15: 4 | AHA15: 2 | AHB15: 3 | AHC15: 1 | AHD15: 1 | AHE15: 1 | AHF15: 3 | AHG15: 2 | AHH15: 3 | AHI15: 2 | AHJ15: 3 | AHK15: 2 | AHL15: 3 | AHM15: 0 | AHN15: 1 | AHO15: 3 | AHP15: 1 | AHQ15: 3 | AHR15: 1 | AHS15: 0 | AHT15: 1 | AHU15: 3 | AHV15: 1 | AHW15: 1 | AHX15: 1 | AHY15: 3 | AHZ15: 1 | AIA15: 0 | AIB15: 1 | AIC15: 0 | AID15: 1 | AIE15: 1 | AIF15: 1 | AIG15: 1 | AIH15: 0 | AII15: 1 | AIJ15: 1 | AIK15: 3 | AIL15: 0 | AIM15: 0 | AIN15: 0 | AIO15: 0 | AIP15: 2 | AIQ15: 1 | AIR15: 0 | AIS15: 0 | AIT15: 1 | AIU15: 1 | AIV15: 1 | AIW15: 0 | AIX15: 0 | AIY15: 0 | AIZ15: 1 | AJA15: 0 | AJB15: 0 | AJC15: 0 | AJD15: 0 | AJE15: 0 | AJF15: 0 | AJG15: 0 | AJH15: 1 | AJI15: 0 | AJJ15: 0 | AJK15: 0 | AJL15: 1 | AJM15: 0 | AJN15: 0 | AJO15: 0 | AJP15: 0 | AJQ15: 0 | AJR15: 0 | AJS15: 1 | AJT15: 0 | AJU15: 0 | AJV15: 1 | AJW15: 0 | AJX15: 0 | AJY15: 0 | AJZ15: 0 | AKA15: 0 | AKB15: 0 | AKC15: 0 | AKD15: 0 | AKE15: 0 | AKF15: 0 | AKG15: 0 | AKH15: 2 | AKI15: 0 | AKJ15: 0 | AKK15: 0 | AKL15: 0 | AKM15: 0 | AKN15: 0 | AKO15: 1 | AKP15: 0 | AKQ15: 0 | AKR15: 0 | AKS15: 0 | AKT15: 0 | AKU15: 0 | AKV15: 1 | AKW15: 1 | AKX15: 1 | AKY15: 0 | AKZ15: 0 | ALA15: 0 | ALB15: 0 | ALC15: 1 | ALD15: 0 | ALE15: 0 | ALF15: 0 | ALG15: 1 | ALH15: 1 | ALI15: 0 | ALJ15: 0 | ALK15: 0 | ALL15: 1 | ALM15: 2 | ALN15: 1 | ALO15: 0 | ALP15: 1 | ALQ15: 0 | ALR15: 1 | ALS15: 0 | ALT15: 0 | ALU15: 0 | ALV15: 1 | ALW15: 1 | ALX15: 1 | ALY15: 1 | ALZ15: 3 | AMA15: 1 | AMB15: 6 | AMC15: 3 | AMD15: 2 | AME15: 1 | AMF15: 4 | AMG15: 2 | AMH15: 1 | AMI15: 2 | AMJ15: 2 | AMK15: 3 | AML15: 1 | AMM15: 3 | AMN15: 1 | AMO15: 4 | AMP15: 3 | AMQ15: 3 | AMR15: 4 | AMS15: 3 | AMT15: 4 | AMU15: 2 | AMV15: 3 | AMW15: 1 | AMX15: 4 | AMY15: 2 | AMZ15: 2 | ANA15: 1 | ANB15: 0 | ANC15: 3 | AND15: 2 | ANE15: 2 | ANF15: 3 | ANG15: 8 | ANH15: 1 | ANI15: 1 | ANJ15: 4 | ANK15: 1 | ANL15: 3 | ANM15: 2 | ANN15: 2 | ANO15: 0 | ANP15: 3 | ANQ15: 1 | ANR15: 2 | ANS15: 4 | ANT15: 1 | ANU15: 1 | ANV15: 2 | ANW15: 0 | ANX15: 0 | ANY15: 1 | ANZ15: 1 | AOA15: 0 | AOB15: 1 | AOC15: 1 | AOD15: 2 | AOE15: 4 | AOF15: 0 | AOG15: 4 | AOH15: 0 | AOI15: 2 | AOJ15: 0 | AOK15: 0 | AOL15: 1 | AOM15: 2 | AON15: 0 | AOO15: 1 | AOP15: 3 | AOQ15: 1 | AOR15: 1 | AOS15: 3 | AOT15: 1 | AOU15: 0 | AOV15: 2 | AOW15: 3 | AOX15: 2 | AOY15: 0 | AOZ15: 0 | APA15: 0 | APB15: 0 | APC15: 1 | APD15: 0 | APE15: 0 | APF15: 0 | APG15: 1 | APH15: 3 | API15: 0 | APJ15: 0 | APK15: 0 | APL15: 0 | APM15: 1 | APN15: 2 | APO15: 0 | APP15: 3 | APQ15: 0 | APR15: 1 | APS15: 1 | APT15: 0 | APU15: 1 | APV15: 0 | APW15: 2 | APX15: 0 | APY15: 0 | APZ15: 0 | AQA15: 1 | AQB15: 0 | AQC15: 0 | AQD15: 1 | AQE15: 2 | AQF15: 1 | AQG15: 0 | AQH15: 1 | AQI15: 1 | AQJ15: 1 | AQK15: 0 | AQL15: 2 | AQM15: 0 | AQN15: 3 | AQO15: 1 | AQP15: 0 | AQQ15: 0 | AQR15: 0 | AQS15: 0 | AQT15: 0 | AQU15: 1 | AQV15: 0 | AQW15: 1 | AQX15: 0 | AQY15: 1 | AQZ15: 1 | ARA15: 0 | ARB15: 0 | ARC15: 0 | ARD15: 0 | ARE15: 0 | ARF15: 0 | ARG15: 0 | ARH15: 1 | ARI15: 0 | ARJ15: 0 | ARK15: 0 | ARL15: 0 | ARM15: 0 | ARN15: 0 | ARO15: 0 | ARP15: 0 | ARQ15: 0 | ARR15: 0 | ARS15: 2 | ART15: 0 | ARU15: 0 | ARV15: 1 | ARW15: 1 | ARX15: 0 | ARY15: 1 | ARZ15: 0 | ASA15: 0 | ASB15: 0 | ASC15: 0 | ASD15: 0 | ASE15: 0 | ASF15: 1 | ASG15: 0 | ASH15: 1 | ASI15: 0 | ASJ15: 0 | ASK15: 1 | ASL15: 0 | ASM15: 1 | ASN15: 1 | ASO15: 0 | ASP15: 0 | ASQ15: 1 | ASR15: 0 | ASS15: 0 | AST15: 0 | ASU15: 0 | ASV15: 0 | ASW15: 0 | ASX15: 4 | ASY15: 0 | ASZ15: 0 | ATA15: 0
A16: 15 | B16: 17427790 | C16: MEXICO | D16: 0 | E16: 1 | F16: 0 | G16: 0 | H16: 0 | I16: 0 | J16: 0 | K16: 0 | L16: 0 | M16: 0 | N16: 0 | O16: 4 | P16: 2 | Q16: 3 | R16: 3 | S16: 1 | T16: 5 | U16: 3 | V16: 5 | W16: 7 | X16: 5 | Y16: 10 | Z16: 8 | AA16: 7 | AB16: 8 | AC16: 16 | AD16: 19 | AE16: 23 | AF16: 20 | AG16: 21 | AH16: 23 | AI16: 28 | AJ16: 34 | AK16: 33 | AL16: 45 | AM16: 50 | AN16: 46 | AO16: 49 | AP16: 67 | AQ16: 64 | AR16: 82 | AS16: 66 | AT16: 98 | AU16: 94 | AV16: 92 | AW16: 104 | AX16: 92 | AY16: 101 | AZ16: 136 | BA16: 118 | BB16: 94 | BC16: 102 | BD16: 112 | BE16: 104 | BF16: 111 | BG16: 105 | BH16: 117 | BI16: 137 | BJ16: 119 | BK16: 145 | BL16: 142 | BM16: 153 | BN16: 152 | BO16: 143 | BP16: 123 | BQ16: 138 | BR16: 143 | BS16: 122 | BT16: 159 | BU16: 151 | BV16: 162 | BW16: 146 | BX16: 157 | BY16: 153 | BZ16: 151 | CA16: 164 | CB16: 161 | CC16: 147 | CD16: 173 | CE16: 141 | CF16: 129 | CG16: 155 | CH16: 154 | CI16: 147 | CJ16: 163 | CK16: 150 | CL16: 157 | CM16: 143 | CN16: 134 | CO16: 144 | CP16: 160 | CQ16: 156 | CR16: 141 | CS16: 122 | CT16: 133 | CU16: 109 | CV16: 120 | CW16: 120 | CX16: 102 | CY16: 103 | CZ16: 94 | DA16: 95 | DB16: 107 | DC16: 113 | DD16: 159 | DE16: 112 | DF16: 109 | DG16: 126 | DH16: 79 | DI16: 98 | DJ16: 101 | DK16: 128 | DL16: 93 | DM16: 101 | DN16: 99 | DO16: 99 | DP16: 113 | DQ16: 98 | DR16: 93 | DS16: 104 | DT16: 93 | DU16: 108 | DV16: 86 | DW16: 89 | DX16: 104 | DY16: 82 | DZ16: 90 | EA16: 79 | EB16: 88 | EC16: 81 | ED16: 86 | EE16: 84 | EF16: 95 | EG16: 79 | EH16: 76 | EI16: 74 | EJ16: 78 | EK16: 84 | EL16: 76 | EM16: 85 | EN16: 75 | EO16: 74 | EP16: 88 | EQ16: 65 | ER16: 67 | ES16: 85 | ET16: 85 | EU16: 63 | EV16: 71 | EW16: 66 | EX16: 64 | EY16: 74 | EZ16: 69 | FA16: 68 | FB16: 65 | FC16: 78 | FD16: 56 | FE16: 67 | FF16: 54 | FG16: 75 | FH16: 60 | FI16: 55 | FJ16: 44 | FK16: 64 | FL16: 71 | FM16: 62 | FN16: 52 | FO16: 53 | FP16: 54 | FQ16: 58 | FR16: 65 | FS16: 45 | FT16: 56 | FU16: 72 | FV16: 60 | FW16: 45 | FX16: 54 | FY16: 52 | FZ16: 56 | GA16: 62 | GB16: 51 | GC16: 45 | GD16: 53 | GE16: 71 | GF16: 50 | GG16: 56 | GH16: 62 | GI16: 68 | GJ16: 59 | GK16: 63 | GL16: 64 | GM16: 58 | GN16: 53 | GO16: 49 | GP16: 39 | GQ16: 54 | GR16: 41 | GS16: 49 | GT16: 38 | GU16: 56 | GV16: 46 | GW16: 59 | GX16: 47 | GY16: 46 | GZ16: 40 | HA16: 51 | HB16: 44 | HC16: 63 | HD16: 45 | HE16: 60 | HF16: 38 | HG16: 49 | HH16: 58 | HI16: 51 | HJ16: 52 | HK16: 44 | HL16: 61 | HM16: 49 | HN16: 47 | HO16: 65 | HP16: 63 | HQ16: 56 | HR16: 40 | HS16: 66 | HT16: 54 | HU16: 49 | HV16: 63 | HW16: 60 | HX16: 47 | HY16: 53 | HZ16: 55 | IA16: 51 | IB16: 54 | IC16: 60 | ID16: 72 | IE16: 66 | IF16: 51 | IG16: 77 | IH16: 55 | II16: 73 | IJ16: 70 | IK16: 70 | IL16: 57 | IM16: 60 | IN16: 58 | IO16: 68 | IP16: 73 | IQ16: 67 | IR16: 75 | IS16: 87 | IT16: 89 | IU16: 60 | IV16: 83 | IW16: 84 | IX16: 88 | IY16: 95 | IZ16: 80 | JA16: 90 | JB16: 84 | JC16: 87 | JD16: 102 | JE16: 95 | JF16: 92 | JG16: 112 | JH16: 111 | JI16: 116 | JJ16: 118 | JK16: 99 | JL16: 128 | JM16: 116 | JN16: 155 | JO16: 135 | JP16: 144 | JQ16: 150 | JR16: 154 | JS16: 147 | JT16: 125 | JU16: 165 | JV16: 151 | JW16: 183 | JX16: 165 | JY16: 161 | JZ16: 144 | KA16: 157 | KB16: 179 | KC16: 180 | KD16: 192 | KE16: 192 | KF16: 189 | KG16: 171 | KH16: 191 | KI16: 187 | KJ16: 193 | KK16: 221 | KL16: 229 | KM16: 188 | KN16: 205 | KO16: 223 | KP16: 202 | KQ16: 203 | KR16: 238 | KS16: 228 | KT16: 228 | KU16: 219 | KV16: 235 | KW16: 226 | KX16: 243 | KY16: 226 | KZ16: 253 | LA16: 263 | LB16: 240 | LC16: 241 | LD16: 257 | LE16: 224 | LF16: 231 | LG16: 225 | LH16: 211 | LI16: 211 | LJ16: 224 | LK16: 210 | LL16: 223 | LM16: 227 | LN16: 211 | LO16: 205 | LP16: 173 | LQ16: 163 | LR16: 167 | LS16: 174 | LT16: 185 | LU16: 161 | LV16: 128 | LW16: 174 | LX16: 152 | LY16: 118 | LZ16: 134 | MA16: 165 | MB16: 125 | MC16: 119 | MD16: 111 | ME16: 121 | MF16: 126 | MG16: 135 | MH16: 120 | MI16: 90 | MJ16: 99 | MK16: 85 | ML16: 96 | MM16: 92 | MN16: 96 | MO16: 104 | MP16: 89 | MQ16: 89 | MR16: 96 | MS16: 88 | MT16: 91 | MU16: 88 | MV16: 90 | MW16: 66 | MX16: 103 | MY16: 83 | MZ16: 59 | NA16: 59 | NB16: 79 | NC16: 70 | ND16: 70 | NE16: 73 | NF16: 67 | NG16: 66 | NH16: 56 | NI16: 71 | NJ16: 74 | NK16: 65 | NL16: 60 | NM16: 39 | NN16: 56 | NO16: 50 | NP16: 64 | NQ16: 53 | NR16: 53 | NS16: 70 | NT16: 60 | NU16: 58 | NV16: 47 | NW16: 49 | NX16: 49 | NY16: 38 | NZ16: 60 | OA16: 41 | OB16: 48 | OC16: 43 | OD16: 44 | OE16: 38 | OF16: 49 | OG16: 43 | OH16: 46 | OI16: 38 | OJ16: 42 | OK16: 32 | OL16: 38 | OM16: 47 | ON16: 38 | OO16: 26 | OP16: 22 | OQ16: 40 | OR16: 34 | OS16: 33 | OT16: 28 | OU16: 41 | OV16: 21 | OW16: 24 | OX16: 25 | OY16: 23 | OZ16: 16 | PA16: 16 | PB16: 20 | PC16: 14 | PD16: 13 | PE16: 17 | PF16: 21 | PG16: 14 | PH16: 16 | PI16: 22 | PJ16: 15 | PK16: 20 | PL16: 11 | PM16: 14 | PN16: 15 | PO16: 15 | PP16: 15 | PQ16: 12 | PR16: 15 | PS16: 9 | PT16: 9 | PU16: 13 | PV16: 14 | PW16: 12 | PX16: 16 | PY16: 16 | PZ16: 13 | QA16: 10 | QB16: 8 | QC16: 7 | QD16: 11 | QE16: 4 | QF16: 5 | QG16: 9 | QH16: 7 | QI16: 6 | QJ16: 7 | QK16: 10 | QL16: 9 | QM16: 11 | QN16: 7 | QO16: 7 | QP16: 7 | QQ16: 6 | QR16: 7 | QS16: 8 | QT16: 13 | QU16: 8 | QV16: 6 | QW16: 6 | QX16: 8 | QY16: 5 | QZ16: 11 | RA16: 12 | RB16: 5 | RC16: 9 | RD16: 9 | RE16: 9 | RF16: 8 | RG16: 11 | RH16: 9 | RI16: 10 | RJ16: 10 | RK16: 14 | RL16: 16 | RM16: 18 | RN16: 12 | RO16: 5 | RP16: 15 | RQ16: 19 | RR16: 23 | RS16: 17 | RT16: 31 | RU16: 30 | RV16: 17 | RW16: 41 | RX16: 32 | RY16: 38 | RZ16: 48 | SA16: 42 | SB16: 46 | SC16: 45 | SD16: 45 | SE16: 50 | SF16: 60 | SG16: 56 | SH16: 61 | SI16: 60 | SJ16: 71 | SK16: 69 | SL16: 71 | SM16: 85 | SN16: 83 | SO16: 76 | SP16: 92 | SQ16: 78 | SR16: 92 | SS16: 92 | ST16: 102 | SU16: 93 | SV16: 100 | SW16: 89 | SX16: 83 | SY16: 96 | SZ16: 92 | TA16: 104 | TB16: 89 | TC16: 121 | TD16: 98 | TE16: 96 | TF16: 85 | TG16: 78 | TH16: 110 | TI16: 96 | TJ16: 87 | TK16: 95 | TL16: 77 | TM16: 84 | TN16: 88 | TO16: 94 | TP16: 75 | TQ16: 70 | TR16: 72 | TS16: 79 | TT16: 64 | TU16: 57 | TV16: 79 | TW16: 52 | TX16: 58 | TY16: 40 | TZ16: 62 | UA16: 47 | UB16: 60 | UC16: 53 | UD16: 45 | UE16: 35 | UF16: 50 | UG16: 45 | UH16: 53 | UI16: 40 | UJ16: 58 | UK16: 56 | UL16: 40 | UM16: 37 | UN16: 43 | UO16: 34 | UP16: 33 | UQ16: 38 | UR16: 41 | US16: 42 | UT16: 35 | UU16: 29 | UV16: 37 | UW16: 41 | UX16: 40 | UY16: 22 | UZ16: 29 | VA16: 21 | VB16: 26 | VC16: 28 | VD16: 25 | VE16: 21 | VF16: 27 | VG16: 27 | VH16: 21 | VI16: 19 | VJ16: 21 | VK16: 22 | VL16: 21 | VM16: 17 | VN16: 24 | VO16: 17 | VP16: 11 | VQ16: 10 | VR16: 18 | VS16: 15 | VT16: 14 | VU16: 12 | VV16: 15 | VW16: 10 | VX16: 15 | VY16: 11 | VZ16: 7 | WA16: 13 | WB16: 14 | WC16: 7 | WD16: 10 | WE16: 12 | WF16: 12 | WG16: 21 | WH16: 8 | WI16: 13 | WJ16: 13 | WK16: 9 | WL16: 10 | WM16: 8 | WN16: 11 | WO16: 5 | WP16: 7 | WQ16: 10 | WR16: 13 | WS16: 7 | WT16: 5 | WU16: 6 | WV16: 9 | WW16: 6 | WX16: 5 | WY16: 8 | WZ16: 4 | XA16: 6 | XB16: 12 | XC16: 11 | XD16: 13 | XE16: 7 | XF16: 6 | XG16: 9 | XH16: 10 | XI16: 4 | XJ16: 6 | XK16: 7 | XL16: 5 | XM16: 9 | XN16: 5 | XO16: 4 | XP16: 9 | XQ16: 8 | XR16: 4 | XS16: 7 | XT16: 4 | XU16: 9 | XV16: 8 | XW16: 2 | XX16: 4 | XY16: 7 | XZ16: 3 | YA16: 4 | YB16: 5 | YC16: 4 | YD16: 3 | YE16: 4 | YF16: 4 | YG16: 3 | YH16: 3 | YI16: 5 | YJ16: 4 | YK16: 8 | YL16: 6 | YM16: 8 | YN16: 3 | YO16: 9 | YP16: 9 | YQ16: 7 | YR16: 12 | YS16: 14 | YT16: 12 | YU16: 14 | YV16: 19 | YW16: 14 | YX16: 18 | YY16: 23 | YZ16: 28 | ZA16: 22 | ZB16: 23 | ZC16: 28 | ZD16: 29 | ZE16: 30 | ZF16: 37 | ZG16: 53 | ZH16: 47 | ZI16: 52 | ZJ16: 50 | ZK16: 51 | ZL16: 52 | ZM16: 52 | ZN16: 44 | ZO16: 45 | ZP16: 48 | ZQ16: 54 | ZR16: 39 | ZS16: 39 | ZT16: 49 | ZU16: 46 | ZV16: 48 | ZW16: 36 | ZX16: 41 | ZY16: 38 | ZZ16: 42 | AAA16: 42 | AAB16: 34 | AAC16: 36 | AAD16: 31 | AAE16: 25 | AAF16: 30 | AAG16: 24 | AAH16: 22 | AAI16: 34 | AAJ16: 26 | AAK16: 25 | AAL16: 15 | AAM16: 25 | AAN16: 20 | AAO16: 25 | AAP16: 16 | AAQ16: 9 | AAR16: 14 | AAS16: 10 | AAT16: 8 | AAU16: 12 | AAV16: 14 | AAW16: 7 | AAX16: 7 | AAY16: 7 | AAZ16: 10 | ABA16: 7 | ABB16: 2 | ABC16: 3 | ABD16: 5 | ABE16: 2 | ABF16: 6 | ABG16: 5 | ABH16: 4 | ABI16: 1 | ABJ16: 4 | ABK16: 2 | ABL16: 4 | ABM16: 1 | ABN16: 3 | ABO16: 1 | ABP16: 3 | ABQ16: 1 | ABR16: 2 | ABS16: 4 | ABT16: 4 | ABU16: 1 | ABV16: 4 | ABW16: 2 | ABX16: 3 | ABY16: 4 | ABZ16: 3 | ACA16: 0 | ACB16: 3 | ACC16: 0 | ACD16: 1 | ACE16: 0 | ACF16: 0 | ACG16: 2 | ACH16: 1 | ACI16: 1 | ACJ16: 5 | ACK16: 1 | ACL16: 0 | ACM16: 2 | ACN16: 1 | ACO16: 2 | ACP16: 3 | ACQ16: 1 | ACR16: 0 | ACS16: 0 | ACT16: 2 | ACU16: 1 | ACV16: 0 | ACW16: 0 | ACX16: 2 | ACY16: 0 | ACZ16: 1 | ADA16: 2 | ADB16: 0 | ADC16: 0 | ADD16: 2 | ADE16: 0 | ADF16: 1 | ADG16: 0 | ADH16: 0 | ADI16: 2 | ADJ16: 0 | ADK16: 0 | ADL16: 2 | ADM16: 1 | ADN16: 1 | ADO16: 0 | ADP16: 0 | ADQ16: 0 | ADR16: 0 | ADS16: 0 | ADT16: 0 | ADU16: 0 | ADV16: 1 | ADW16: 1 | ADX16: 0 | ADY16: 0 | ADZ16: 0 | AEA16: 1 | AEB16: 0 | AEC16: 2 | AED16: 0 | AEE16: 1 | AEF16: 1 | AEG16: 0 | AEH16: 1 | AEI16: 0 | AEJ16: 1 | AEK16: 1 | AEL16: 0 | AEM16: 0 | AEN16: 0 | AEO16: 1 | AEP16: 0 | AEQ16: 1 | AER16: 0 | AES16: 2 | AET16: 4 | AEU16: 1 | AEV16: 1 | AEW16: 2 | AEX16: 0 | AEY16: 3 | AEZ16: 1 | AFA16: 1 | AFB16: 3 | AFC16: 2 | AFD16: 2 | AFE16: 6 | AFF16: 3 | AFG16: 2 | AFH16: 3 | AFI16: 4 | AFJ16: 3 | AFK16: 7 | AFL16: 6 | AFM16: 10 | AFN16: 11 | AFO16: 5 | AFP16: 12 | AFQ16: 11 | AFR16: 13 | AFS16: 4 | AFT16: 17 | AFU16: 16 | AFV16: 10 | AFW16: 11 | AFX16: 10 | AFY16: 13 | AFZ16: 10 | AGA16: 12 | AGB16: 6 | AGC16: 10 | AGD16: 6 | AGE16: 10 | AGF16: 6 | AGG16: 6 | AGH16: 12 | AGI16: 8 | AGJ16: 7 | AGK16: 14 | AGL16: 6 | AGM16: 13 | AGN16: 6 | AGO16: 10 | AGP16: 7 | AGQ16: 10 | AGR16: 13 | AGS16: 6 | AGT16: 10 | AGU16: 5 | AGV16: 7 | AGW16: 4 | AGX16: 5 | AGY16: 3 | AGZ16: 5 | AHA16: 5 | AHB16: 6 | AHC16: 3 | AHD16: 1 | AHE16: 2 | AHF16: 4 | AHG16: 3 | AHH16: 2 | AHI16: 4 | AHJ16: 5 | AHK16: 2 | AHL16: 6 | AHM16: 0 | AHN16: 1 | AHO16: 4 | AHP16: 2 | AHQ16: 2 | AHR16: 3 | AHS16: 5 | AHT16: 2 | AHU16: 2 | AHV16: 2 | AHW16: 1 | AHX16: 0 | AHY16: 1 | AHZ16: 2 | AIA16: 3 | AIB16: 3 | AIC16: 1 | AID16: 3 | AIE16: 0 | AIF16: 2 | AIG16: 1 | AIH16: 1 | AII16: 0 | AIJ16: 0 | AIK16: 2 | AIL16: 1 | AIM16: 3 | AIN16: 0 | AIO16: 1 | AIP16: 0 | AIQ16: 2 | AIR16: 2 | AIS16: 2 | AIT16: 1 | AIU16: 1 | AIV16: 3 | AIW16: 1 | AIX16: 1 | AIY16: 4 | AIZ16: 0 | AJA16: 1 | AJB16: 1 | AJC16: 0 | AJD16: 0 | AJE16: 1 | AJF16: 0 | AJG16: 0 | AJH16: 0 | AJI16: 0 | AJJ16: 0 | AJK16: 0 | AJL16: 0 | AJM16: 0 | AJN16: 0 | AJO16: 0 | AJP16: 0 | AJQ16: 0 | AJR16: 0 | AJS16: 1 | AJT16: 0 | AJU16: 1 | AJV16: 0 | AJW16: 0 | AJX16: 1 | AJY16: 2 | AJZ16: 0 | AKA16: 0 | AKB16: 0 | AKC16: 0 | AKD16: 0 | AKE16: 0 | AKF16: 0 | AKG16: 1 | AKH16: 1 | AKI16: 0 | AKJ16: 2 | AKK16: 1 | AKL16: 1 | AKM16: 0 | AKN16: 0 | AKO16: 0 | AKP16: 0 | AKQ16: 1 | AKR16: 0 | AKS16: 0 | AKT16: 1 | AKU16: 0 | AKV16: 0 | AKW16: 0 | AKX16: 0 | AKY16: 0 | AKZ16: 0 | ALA16: 2 | ALB16: 2 | ALC16: 0 | ALD16: 0 | ALE16: 0 | ALF16: 0 | ALG16: 0 | ALH16: 0 | ALI16: 1 | ALJ16: 1 | ALK16: 0 | ALL16: 1 | ALM16: 0 | ALN16: 2 | ALO16: 2 | ALP16: 1 | ALQ16: 2 | ALR16: 5 | ALS16: 3 | ALT16: 3 | ALU16: 3 | ALV16: 0 | ALW16: 2 | ALX16: 3 | ALY16: 1 | ALZ16: 0 | AMA16: 3 | AMB16: 1 | AMC16: 4 | AMD16: 10 | AME16: 5 | AMF16: 1 | AMG16: 0 | AMH16: 4 | AMI16: 3 | AMJ16: 6 | AMK16: 5 | AML16: 8 | AMM16: 5 | AMN16: 7 | AMO16: 5 | AMP16: 6 | AMQ16: 7 | AMR16: 8 | AMS16: 6 | AMT16: 6 | AMU16: 10 | AMV16: 3 | AMW16: 4 | AMX16: 4 | AMY16: 4 | AMZ16: 4 | ANA16: 7 | ANB16: 2 | ANC16: 2 | AND16: 6 | ANE16: 9 | ANF16: 1 | ANG16: 6 | ANH16: 2 | ANI16: 1 | ANJ16: 5 | ANK16: 5 | ANL16: 4 | ANM16: 6 | ANN16: 5 | ANO16: 2 | ANP16: 1 | ANQ16: 3 | ANR16: 1 | ANS16: 3 | ANT16: 3 | ANU16: 1 | ANV16: 2 | ANW16: 1 | ANX16: 7 | ANY16: 3 | ANZ16: 5 | AOA16: 6 | AOB16: 2 | AOC16: 7 | AOD16: 1 | AOE16: 5 | AOF16: 5 | AOG16: 2 | AOH16: 3 | AOI16: 2 | AOJ16: 2 | AOK16: 2 | AOL16: 1 | AOM16: 1 | AON16: 2 | AOO16: 2 | AOP16: 0 | AOQ16: 2 | AOR16: 1 | AOS16: 0 | AOT16: 3 | AOU16: 1 | AOV16: 0 | AOW16: 4 | AOX16: 1 | AOY16: 2 | AOZ16: 1 | APA16: 2 | APB16: 2 | APC16: 2 | APD16: 0 | APE16: 1 | APF16: 2 | APG16: 2 | APH16: 1 | API16: 3 | APJ16: 1 | APK16: 1 | APL16: 0 | APM16: 1 | APN16: 0 | APO16: 1 | APP16: 2 | APQ16: 4 | APR16: 3 | APS16: 1 | APT16: 2 | APU16: 2 | APV16: 1 | APW16: 2 | APX16: 1 | APY16: 2 | APZ16: 1 | AQA16: 1 | AQB16: 2 | AQC16: 0 | AQD16: 2 | AQE16: 0 | AQF16: 1 | AQG16: 0 | AQH16: 1 | AQI16: 1 | AQJ16: 1 | AQK16: 0 | AQL16: 2 | AQM16: 6 | AQN16: 1 | AQO16: 0 | AQP16: 1 | AQQ16: 0 | AQR16: 2 | AQS16: 3 | AQT16: 2 | AQU16: 2 | AQV16: 0 | AQW16: 1 | AQX16: 0 | AQY16: 1 | AQZ16: 0 | ARA16: 1 | ARB16: 0 | ARC16: 2 | ARD16: 0 | ARE16: 0 | ARF16: 0 | ARG16: 0 | ARH16: 1 | ARI16: 0 | ARJ16: 0 | ARK16: 0 | ARL16: 0 | ARM16: 0 | ARN16: 2 | ARO16: 0 | ARP16: 0 | ARQ16: 1 | ARR16: 0 | ARS16: 0 | ART16: 0 | ARU16: 1 | ARV16: 0 | ARW16: 1 | ARX16: 2 | ARY16: 0 | ARZ16: 0 | ASA16: 0 | ASB16: 0 | ASC16: 0 | ASD16: 0 | ASE16: 0 | ASF16: 0 | ASG16: 0 | ASH16: 0 | ASI16: 0 | ASJ16: 0 | ASK16: 0 | ASL16: 1 | ASM16: 0 | ASN16: 0 | ASO16: 0 | ASP16: 0 | ASQ16: 2 | ASR16: 2 | ASS16: 0 | AST16: 0 | ASU16: 0 | ASV16: 0 | ASW16: 1 | ASX16: 0 | ASY16: 0 | ASZ16: 0 | ATA16: 0
